"title","cont","comment","likes_count","reward_count","times"
"python爬虫之豆瓣音乐top250",,"32","83","3","2017年 01月 28日 15:54:40"
"简书风云榜","由于开学原因，数据爬取中断，共爬取了347294条数据。爬取时间为2月14号。以粉丝量进行排序排名，列出简书千人风云榜。此文章不代表简书官...","70","58","7","2017年 02月 19日 11:10:25"
"Django开发之简书推荐作者可视化","折腾了几天，终于完成了第一个web开发项目，其中乐趣多多，坑也是巨多，听我娓娓道来之前，按例给大家上网站链接：简书推荐作者可视化由于本人使用...","38","57","4","2017年 08月 28日 21:26:57"
"抖音小姐姐视频爬虫","前言前段时间，创造101着实火了一把，问我pick哪位小姐姐，当然是唱歌老跑调，跳舞数拍子的杨超越了。其实在看创造101之前，就已经在抖音上关...","12","38","0","2018年 08月 15日 15:01:51"
"Python数据分析之jieba库的运用","三十年河东，三十年河西，莫欺少年穷！年仅15岁的萧家废物，于此地，立下了誓言，从今以后便一步步走向斗气大陆巅峰！这里是属于斗气的世界，没有花俏艳...","27","37","0","2017年 02月 23日 19:51:15"
"Python爬虫之Xpath学习",,"14","36","2","2017年 01月 29日 21:07:49"
"python爬虫之微博评论爬取",,"8","34","2","2017年 01月 11日 10:11:44"
"微信好友全头像","直接上图代码代码分析首先下载图片，最后通过piilow拼接起来","14","32","2","2017年 04月 15日 10:51:49"
"用Python看我的2018","前言2018余额已不到两天，2018初的flag完成了几个？今天我利用Python爬虫和数据分析技术，分析我的2018年文章分享情况。Pyt...","4","28","1","2018年 12月 30日 09:04:12"
"京东文胸爬虫及数据分析","许久不来写文章了，最近夏令营搞的确实没时间。这次把上次直播讲的东西写成文字，带大家开波车。爬虫代码数据分析首先导入相应的库文件和读入数据。...","16","28","0","2017年 07月 14日 15:48:59"
"Python数据分析之糗事百科","最近一直忙着写材料，没给大家写作业的案例，第二期同学很厉害，都是抢着要作业做，哈哈，今天我就给大家写点爬虫的扩展和数据分析，让厉害的同学学起来。...","14","28","3","2017年 05月 26日 20:53:59"
"爬虫专题分析","爬虫专题已建立一周有余，做为管理员，也不能白占着位置不干活，今天通过爬虫得到的用户信息和收录文章信息，给大家分析下爬虫专题的优势与不足。用户信...","21","27","2","2017年 02月 23日 11:33:18"
"Python爬虫之scrapy从入门到忘记",,"10","24","1","2017年 02月 01日 19:49:08"
"sklearn调包侠之无敌小抄","scikit-learn（以下简称为sklearn）是用Python开发的机器学习库，其中包含大量机器学习算法、数据集，是数据挖掘方便的工具。本...","3","23","0","2018年 06月 23日 22:52:04"
"Python数据分析之简书粉丝敌我差距","最近粉丝涨的飞快，已突破3500大关，虽然比起大咖来说，是微乎其微，但看过我简书风云榜的都知道，3500粉丝也能排上前200名（虽然只爬取了20...","13","23","5","2017年 08月 07日 20:49:35"
"Python爬虫+颜值打分，5000+图片找到你的Mrs. Right","一见钟情钟的不是情，是脸日久生情生的不是脸，是情项目简介本项目利用Python爬虫和百度人脸识别API，针对简书交友专栏，爬取用户照片（侵删...","11","22","0","2018年 08月 02日 19:53:29"
"深度学习|费解的tensorflow","学过Python的小伙伴都会觉得，python的语法简单，逻辑清晰。虽然tensorflow是python的一个库（并不是标准库），但是使用并不...","5","21","0","2019年 02月 11日 12:50:43"
"Python有趣|中文文本情感分析","前言前文给大家说了python机器学习的路径，这光说不练假把式，这次，罗罗攀就带大家完成一个中文文本情感分析的机器学习项目，今天的流程如下：...","5","21","0","2019年 03月 31日 11:17:02"
"微博（APP）榜单爬虫及数据可视化","前言今天继续APP爬虫，今天爬取的是微博榜单（24小时榜）的数据，采集的字段有：用户id用户地区用户性别用户粉丝微博内容发布时间...","18","20","0","2018年 08月 14日 18:20:40"
"爬取豆瓣电影top250并简单分析",,"12","20","1","2016年 12月 09日 20:56:25"
"添加蒙版，分分钟搞定PPT封面","01前言当我们好不容易找到一个高清大图当封面时，却会出现下面这种情况，图片颜色太亮，加上文字后，不能够凸显文字内容，其实只需简单一个蒙版，轻...","2","20","0","2020年 01月 20日 17:51:22"
"python数据分析之基情的择天记","人一生都可能无法逆天改命，但你却是要去奋斗一把本文章主要通过最简单的共线性关系，利用gephi工具绘制择天记的人物关系图。准备工作在网上下...","9","18","1","2017年 07月 22日 15:36:09"
"（已截止）Python爬虫小分队第五期招募","勿忘初心，砥砺前行许久没有到简书上更文章了，这学期忙着开题，但也松懈的学习。这次更文就是广告，还是硬广。感谢大家一直的陪伴，经历了运营的合作...","41","18","0","2017年 12月 13日 08:50:13"
"Python爬虫之多进程爬取（以58同城二手市场为例）",,"14","17","1","2017年 02月 04日 20:17:30"
"机器学习实战之KNN算法","本系列教程为《机器学习实战》的读书笔记。首先，讲讲写本系列教程的原因：第一，《机器学习实战》的代码由Python2编写，有些代码在Python3...","6","17","0","2018年 06月 08日 15:51:58"
"机器学习实战之主成分分析（PCA）","如果人类适应了三维，去掉一个维度，进入了二维世界，那么人类就会因为缺少了原来所适应的一个维度，而无法生存。...","1","16","0","2018年 06月 21日 20:36:52"
"Python爬虫之简书七日热门数据爬取（异步加载详解）",,"8","16","1","2017年 02月 07日 19:31:59"
"深度学习|Keras识别CIFAR-10图像（CNN）","数据和方法CIFAR-10数据集有6000个32×32个彩色图片，50000个训练图片和10000个测试图片。有10个类别：飞机、汽车、鸟、猫...","0","15","0","2019年 01月 17日 09:17:45"
"玩转itchat，实现好友信息可视化、聊天机器人及性别模型构建","前些日子，女朋友拿我手机玩，说我微信好友女生多，当时我就不服了（跪着认错了），然后两人一个个统计性别，我微信好友不算多，但也有300来个，人工统...","2","15","0","2018年 08月 01日 10:09:58"
"Python数据分析师养成记","前言从这周开始，罗罗攀开始更新新系列《Python数据分析师养成记》。该系列将以小白的视角出发，一步步的进阶Python数据分析。学习路径...","5","14","0","2019年 04月 02日 09:49:28"
"MySQL学习笔记之安装","写在前面最近在学习MySQL和DjangoWeb开发，这个月首先会更新MySQL的学习笔记，也都是比较简单的东西，用作复习和巩固。Web开发...","0","14","0","2018年 08月 20日 09:40:30"
"Pyecharts可视化（新版本）","01前言之前群里有人问，说我之前Pyecharts代码不能用了，我自己尝试了一下，还是可以用的，后面才发现是因为现在pyecharts更新了...","0","14","0","2019年 07月 23日 11:37:05"
"2018文章集合","2018年公众号文章集合，过年在家系统学习下。机器学习实战该系列讲解了经典机器学习算法的原理（KNN，决策树，SVM，k-means，pca...","1","13","0","2019年 02月 07日 10:17:44"
"Python爬虫之微打赏爬虫",,"2","13","1","2017年 07月 25日 11:24:22"
"人生苦短，我用python",,"3","13","0","2016年 11月 11日 10:34:01"
"深度学习|tensorflow识别手写字体","我们依旧以MNIST手写字体数据集，来看看我们如何使用tensorflow来实现MLP。数据数据下载这里我们通过tensorflow的模块...","0","13","0","2019年 03月 02日 08:34:59"
"Python实现手绘功能","手绘图确实很好看，但对于手残党的我，只能呵呵一笑，今天就用代码来实现手绘功能，把普通的图片转换为手绘图片。代码效果本代码由大学moocpy...","1","13","0","2017年 06月 19日 09:26:43"
"Python数据分析之读取文件","Python的数据分析，大部分的教程都是想讲numpy，再讲Dataframe，再讲读取文件。但我看书的时候，前面二章看的实在头晕，所以，我们还...","7","13","0","2017年 05月 12日 21:35:19"
"记爬虫小分队（四）","2017年4月27日付费的运营群也有许多人不学习，一组进度很慢，五一进行一下小培训，给一组补下课。群主的《深夜代码有毒》看了后，很是感慨，一群忙...","6","13","2","2017年 04月 27日 20:11:54"
"调用高德POI数据，带你玩转长沙","长沙CITY，长沙SHOW长沙C-BLOCK，长沙FLOW长沙妹驼，叫长沙GIRL说到长沙，大家第一想到的可能就是小吃，当然来长沙旅游，不光只...","1","12","0","2018年 08月 07日 16:38:44"
"Python爬虫之阳光电影爬虫",,"2","12","1","2017年 08月 01日 22:00:08"
"Python数据分析之pandas数据可视化","Python数据可视化常用的是matplotlib库，matplotlib是底层库，今天学了pandas的数据可视化，相对于matplotlib...","4","12","0","2017年 05月 16日 20:09:23"
"Python数据分析之糗事百科第二弹","上回说到糗事百科段子的分析，今天对另外一张表，也就是用户信息表的分析。数据预处理导入数据data1为段子信息，data2为用户信息，二个表...","12","11","2","2017年 05月 28日 10:39:15"
"Python爬虫之scrapy跨页面爬取信息",,"2","11","0","2017年 02月 07日 19:47:56"
"爬取高清无版权美图","01前言做公众号，总是会需要使用一些图片做封面或背景。我的公众号的图片有两种来源：一是通过创可贴自己动手修改下就可以用了，还一种就是在网上下...","5","11","0","2019年 08月 12日 11:46:19"
"Selenium在异步加载中的应用","简书文章异步加载之前爬虫小分队的第一次作业就是爬取简书七日热门，同学们应该知道部分数据是异步加载的，对于阅读，评论，喜欢的抓取数据策略为使用正...","4","11","0","2017年 05月 05日 18:37:46"
"sklearn调包侠之学习曲线和Pipeline","今天不单独讲解某个机器学习算法，而是讲解机器学习中常用的工具或者说是方法。一是绘制学习曲线，看模型的好坏程度（过拟合还是欠拟合）；而是减少代码量...","3","11","0","2018年 06月 30日 09:43:11"
"Python有趣|寻找知乎最美小姐姐","前言本月将更新八篇Python有趣系列文章。本系列通过多个有趣案例，讲解Python的玩法，其中包含如下内容，一一推进讲解。爬虫数据分析...","1","11","0","2019年 03月 04日 10:32:40"
"Python进阶|谈谈几个常用的内置函数","匿名函数(lambda表达式)在Python中，函数可以算的上是“一等公民”了，我们先回顾下函数的优点：减少代码重复量模块化代码但是我们...","0","10","0","2019年 10月 21日 09:41:35"
"勿忘2017，前行2018","时光荏苒，伴随着朋友圈的雪景，离18年也就更进了一步。总是到年末，才知道时间飞逝，才盼时光不老，你我不散。但无论2017年如何，也都该给它一个答...","9","10","0","2018年 02月 08日 16:20:08"
"Flask学习笔记之第一个Flask程序","笔记大纲最近在学习Flask框架，本系列课程为学习笔记。大纲：Python环境创建Flask项目Debug模式加载配置文件Pytho...","0","10","0","2018年 11月 13日 22:11:28"
"深度学习|tensorflow张量运算","前言为什么我们单独讲解一个tensorflow的张量（矩阵）运算了？因为神经网络原理其实就是矩阵的运算。如图所示，我们有三个神经元，两个输出。...","0","10","0","2019年 03月 02日 08:34:34"
"粉丝福利（附Python实现代码）","简书粉丝已破1000粉，为感谢各位看官的支持，给各位看官送波小福利。在本文章下点赞并评论，会从评论中随机抽取5位看官，每人送10元红包一份，抽奖...","48","10","0","2017年 08月 05日 09:35:08"
"Python有趣|微博榜单爬虫，尽知天下事","项目背景大家对于网页的数据爬虫了解的已经很多了，这次爬取APP端的数据。之前我也讲解过APP爬虫，但是没有讲解过Fiddler的配置和使用。这...","2","10","0","2019年 03月 12日 16:58:44"
"Python数据分析之贴吧的问与答","上次爬虫小分队爬取了贴吧中python问题的精品回答，我自己也用scrapy写了一个程序，爬取了一点信息，存入MongoDB数据库中，代码就不上...","4","10","2","2017年 05月 11日 09:52:57"
"Python数据分析之猫眼电影TOP100","前言如果大家经常阅读Python爬虫相关的公众号，都会是以爬虫+数据分析的形式展现的，这样很有趣，图表也很不错，今天了，我就来分享上一次在培训...","5","10","0","2018年 12月 14日 09:22:15"
"深度学习|Keras识别MNIST手写数字（CNN）","材料和方法今天继续使用MNIST数据。方法：这次使用的方法为卷积神经网络（CNN）。卷积神经网络通过卷积层，池化层来做特征的提取，最后再连上全...","0","10","0","2019年 01月 15日 08:58:19"
"Python数据分析之anaconda安装和使用","今天开始学习Python数据分析了，说到Python数据分析，大家都会推荐使用anaconda，但作为一个初学者，总是很多疑虑，但在实践中解决了...","7","10","1","2017年 02月 15日 12:18:00"
"《浮生六记》，想娶半个陈芸","为什么说是娶半个陈芸了？因为我希望现实中的陈芸是被温柔相待的。1.芸是个心路活泼的女子《浮生六记》作者何许人也？沈复是也。但为何开文就说的是...","0","9","0","2019年 02月 03日 16:22:28"
"Flask学习笔记之url_for与重定向","大纲前文中我们讲到，url（路由）和函数视图的映射关系，也就是通过对应的url，可以返回对应的视图函数。当然我们通过视图函数也能找到对应的ur...","0","9","0","2018年 11月 18日 09:13:07"
"《飞驰人生》，韩寒不再少年","大年初一，去看了《疯狂的外星人》和《飞驰人生》，要觉得哪个更出色，我会选《飞驰人生》，先抛开具体的电影情节，看完整部电影下来，觉得韩寒不再少年。...","0","9","0","2019年 02月 08日 11:17:19"
"Python数据分析之简书七日热门数据分析","之前爬了一些数据，没有做分析，今天在练习jupyternotebook的使用，干脆拿了2月七号爬取的七日热门数据来进行简单的分析，主要运用了m...","6","9","0","2017年 02月 15日 20:03:02"
"Python玩转简书钻","前言2018年11月15号，简书迎来大变革，取消了以往的积分制度，换为去中心化的简书钻，每日发放一万简书钻。首先，简书给出了获取钻石的途径：写...","4","9","0","2018年 11月 27日 16:28:04"
"python爬虫之图片下载APP1.0",,"8","9","0","2016年 12月 22日 15:55:24"
"python爬虫之微打赏（scrapy版）",,"2","9","1","2017年 07月 28日 16:42:22"
"深度学习笔记|环境配置","前言hello，大家好久不见，中期终于顺利结束了。最近又给自己来挖坑了，这次给大家带来的就是深度学习的笔记，这里没有复杂的算法推导，而是以代码...","2","9","0","2018年 12月 24日 10:10:01"
"深度学习|Keras识别MNIST手写数字（二）","数据和方法今天依旧使用MNIST手写数字，方法也是MLP方法，这次我们让隐含层为1000个神经元。数据处理处理还是和上次一样。图片是28...","1","9","1","2019年 01月 11日 09:49:57"
"深度学习|Keras识别MNIST手写数字（一）","数据和方法MNIST数据集是收集的手写字体，为单色图像，共有训练集60000项，测试数据集10000项。建模方法我们使用最简单的神经网络模型，...","0","9","0","2019年 01月 09日 15:21:49"
"公众号转型","公众号转型弄完中期，2018年好像也没有多少天了，现在也开始考虑自己公众号的事情（最近掉粉很严重），所以公众号面临着转型，现在想到的方法主要是...","5","9","1","2018年 12月 30日 09:04:36"
"Python有趣|数据分析三板斧","前言天下武功中，哪个是最简单，最实用的了？那当然是程咬金的三板斧。传说中，程咬金晚上睡觉，梦见一老神仙，教了他三十六式板斧，这套功夫威力极大，...","0","9","0","2019年 03月 11日 09:50:42"
"Python爬虫小分队第二期招募贴","花开花落云卷云舒，爬虫小分队第一期顺利结束。满满回忆涌上心头，第一次催同学交作业、第一次被叫罗指导、第一次完整辅导同学、第一次在熊猫tv给大家...","8","8","2","2017年 05月 17日 21:34:20"
"Python进阶|装饰器的那些事（一）","前言装饰器在日志、缓存等应用中有广泛使用，我们首先从之前讲解的闭包为出发点，给大家讲解装饰器的那些事。简单的装饰器首先我们先复习下闭包，可...","0","8","0","2019年 10月 28日 14:34:58"
"职场办公|Excel批量编码","01问题描述上回说到，使用Python，在ArcGIS中批量进行编码。那本次就分享如何在Excel中完成类似的操作。首先回顾下问题需求：在...","0","8","0","2019年 06月 14日 16:07:32"
"Flask学习笔记之模板（一）","大纲之前的视图函数返回的都是字符串，这样是很不利于网站建设，大家都知道，我们都网页构造三大元素（html，css，js），那这些数据如何通过视...","0","8","0","2018年 11月 20日 15:47:31"
"如何用Python优雅的写毕业论文","前言又到了我校一年一度的论文开题和中期检查时间，平时看上去忙碌却一个字都还没写的学生还是大有人在的，而我也就是其中一位~今天，我就来说说我是如...","2","8","1","2018年 12月 08日 09:18:45"
"简书非官方大数据新思路","爬虫小分队的终极大任务就是简书大数据，以前也做过一次，阅读量也还可以。前段时间简书也是融资成功，简书也有一些改动，这次做分析也是一个不错的机会。...","3","8","1","2017年 05月 09日 20:33:11"
"Python数据科学|第一章：数据科学家的武器库","本系列教程为《Python数据科学——技术详解与商业实践》的读书笔记。该书以Python为实现工具，以商业实战为导向，从技术、业务、商业实战3个...","2","8","0","2018年 07月 30日 17:24:58"
"用python偷懒Arcgis（地类编码转地类名称）","在二调中，小班的属性都是用的编码，本文以地类编码为例，如何利用python把代码转化为名称。excel数据这里需要整理一份分类系统表的数据，...","11","8","0","2017年 09月 13日 20:32:09"
"用Python分析许嵩的歌","01前言是否还记得断桥残雪，一听就是一下午是否还记得认错，上课前必点歌曲是否还记得素颜，同桌那清秀的脸庞最近许嵩在开演唱会，借此机会，听着...","0","8","0","2019年 07月 08日 20:07:54"
"Python爬虫之微博好友圈","数学建模已结束，刚开始的目标就是不熬夜，结果还是熬夜了（QAQ），缓了一天就来写简书了，感觉很久没爬虫了，今天就爬下移动端的微博好友圈信息。代...","8","8","1","2017年 04月 26日 19:28:56"
"超级课程表APP爬虫，大学生都这么玩","记得读大学时，看课程信息，查分数，看美女（嘘）都会使用超级课程表APP，当时这款APP非常火爆，今天，就带领大家回到大学，看看大学生都在干嘛？该...","0","8","0","2018年 08月 03日 18:30:58"
"机器学习实战之树回归","“回归”与“树”在讲解树回归之前，我们看看回归和树巧妙结合的原因。线性回归的弊端线性回归需要拟合所有样本点，在特征多且特征关系复杂时，构建...","2","7","0","2018年 06月 19日 19:57:54"
"Python高效办公|自动分发任务","01问题描述在工作中，总能遇到分配任务的问题，例如我自己的工作中，一大堆的影像图（一个影像图是几个文件组成），要根据地区分发给不同的同事，如...","0","7","0","2019年 09月 14日 16:17:58"
"Django学习（第二天：工欲善其事，必先利其器）","pycharm的安装（注意：必须安装专业版）mysql安装Navicat安装这些东西我之前都是安装过的~Django项目的创建打开pyc...","9","7","0","2017年 08月 02日 15:56:59"
"深度学习|中文文本的分类（处理篇）","前言之前我们通过朴素贝叶斯方法，做过英文文档的分类（传送门）。那使用中文文本，如何使用深度学习方法来进行分类了？这就是本文所讲的。首先我们来看...","0","7","0","2019年 01月 27日 21:25:38"
"Python爬虫之百度API调用",,"4","7","0","2017年 05月 30日 18:21:24"
"Python数据分析之数据清洗","gooddatadecidesgoodanalyse数据清洗，是数据分析中不可缺少的一个环节，其处理的好坏在很大程度上影响着数据分析的...","2","7","0","2017年 05月 17日 20:11:12"
"简书非官方大数据（一）","昨天安稳的开始了Python数据分析的学习，向右奔跑前辈问我有没有兴趣搞下简书用户的爬取和数据分析，像我这种爱好学习（不行，让我吐一下），当然是...","13","7","1","2017年 02月 09日 20:52:47"
"2019年看的书，推荐给大家","悄无声息的2019年就这么过去了，2018年定的20本书的目标，只完成了一半，说来惭愧。认真看完的书也就刚刚10本，kindle买回来基本就是...","0","7","0","2020年 01月 09日 15:01:48"
"机器学习实战之决策树","决策树的算法可谓是贴近我们的生活，通过下面的案例，你就会发现我们每天都在有意无意的使用着决策树算法（好厉害的样子）。小明同学每天早上都要去学校，...","2","7","0","2018年 06月 09日 19:29:43"
"（7月30号开班）Python爬虫小分队和数据分析小分队招募","2018，躁动起来之前已经开展了五期爬虫小分队，课程的形式：视频+打卡+集中答疑，很受学员的喜欢，也有很多粉丝问下一期的开班时间，今年开学就去...","1","7","0","2018年 07月 15日 19:40:24"
"sklearn调包侠之KNN算法","天下武功，唯快不破。今天就正式讲解如何通过《sklearn小抄》武林秘籍，成为一代宗师调包侠。欲练此功，必先自宫；就算自宫，未必成功；若不自宫，...","2","7","0","2018年 06月 26日 09:47:37"
"Python数据分析之dataframe索引会这个就行啦","今天给大家讲讲pandas库dataframe数据结构的索引问题，今天就讲讲ix的用法。选择行依旧读入昨天的文件选择前四行选择第4行和第6...","4","7","0","2017年 05月 13日 21:19:11"
"Python数据分析之定制化网易云音乐歌单","最近朋友圈刷疯了的几件事：圣诞节骗我艾特微信官方戴红帽老的跟树皮似的骗我晒18岁皂片明明开挂却骗我自己玩的跳一跳网易云听歌报告告诉我最爱tfb...","1","7","0","2018年 01月 04日 19:34:50"
"一个人的夜，三分钟变黑冰城市风格","想到城市夜景，大部分人会想到的是灯红酒绿，灯火通明，热闹和喧嚣。但是，对于一个只身在外，奋斗的人来说，这都是其他人的，自己什么都没有。当然不包...","0","7","0","2020年 03月 09日 10:37:48"
"Python进阶|聊聊异常处理","前言在编写代码中，总会遇到一些bug和报错，怎么去捕获这些异常，并进行处理，以让程序更健硕了？本篇文章将带你聊聊Python的异常处理。错误...","0","6","0","2019年 09月 24日 17:26:45"
"机器学习实战之Logistic回归","写在前面Logistic回归涉及到高等数学，线性代数，概率论，优化问题。本文尽量以最简单易懂的叙述方式，以少讲公式原理，多讲形象化案例为原则，...","4","6","0","2018年 06月 14日 07:58:11"
"机器学习实战之AdaBoost元算法","今天学习的机器学习算法不是一个单独的算法，我们称之为元算法或集成算法（Ensemble）。其实就是对其他算法进行组合的一种方式。俗话说的好：“三...","2","6","0","2018年 06月 15日 16:06:03"
"Pandas数据切片与索引","01前言我们经常让Excel表格数据与Pandas的DataFrame数据做类比学习，而在实际的应用中，我们发现，关于数据的选择是很重要的一...","0","6","0","2019年 08月 05日 11:30:20"
"深度学习|泰坦尼克号生还数据预测（MLP）","前言上次分享，我们利用pandas和sklearn完成了泰坦尼克号数据的预处理，包括下面的步骤，具体可看深度学习|泰坦尼克号生还数据处理选取...","0","6","0","2019年 01月 22日 09:37:20"
"人生苦短，Python当歌（已截止）",,"14","6","1","2017年 04月 15日 17:23:11"
"Python有趣|数据可视化那些事（一）","Excel可视化步骤上文我们使用了pandas可视化，其就是matplotlib库的封装，其优点就是简单粗暴，但相应的确定也是很多的。不美观，...","0","6","0","2019年 03月 30日 10:03:59"
"工欲善其事，必先利其器",,"6","6","0","2016年 11月 17日 19:47:46"
"Python爬虫之小猪短租房",,"0","6","1","2017年 01月 31日 19:00:46"
"GIF图倒序播放","今天在爬虫群，看到一个有趣的Python代码，可以把GIF图倒序播放，代码很简单，首先要安装pillow库。代码原理很简单，就是把每帧图片倒...","5","6","1","2017年 05月 01日 18:40:51"
"暑期学校我都干了啥","参加风景园林的暑期学校，收获还是蛮多的啊！有些老师的汇报还是不错的，也结交了一些朋友，班级讨论我都是讲的Python啊~本来想拿一个植物园规划来...","10","6","0","2017年 07月 14日 16:10:25"
"在线Python环境（Azure Notebooks）","前言上文说道了anaconda的安装和使用。对于动手能力较差的小伙伴们来说，安装还是太过麻烦，一出现问题也不知道如何查错，然后就从入门选择放弃...","0","6","0","2019年 04月 08日 09:04:47"
"过年碎碎念","1怎么才算过年？吃上一顿母亲做的丰盛的年夜饭。小时候，过年就是有新衣服穿，有零食吃，有假期。长大了，这些东西也慢慢的淡化了，买衣服多在淘宝打...","0","6","0","2019年 02月 04日 12:34:15"
"深度学习|泰坦尼克号生还数据处理","之前我们用过传统的机器学习算法预测过泰坦尼克号数据的生还情况，这次我们使用神经网络算法来进行建模。数据处理数据情况这里的数据来源与kagg...","0","6","0","2019年 01月 19日 09:15:56"
"有讲爬虫分享课","受有讲公众号的邀请，进行了二次爬虫分享讲座，第一次尝试图文+音频的分享方式，记得当时爬虫小分队刚开始运营的时候，也是图文的方式，但疲于答疑和讲解...","5","6","0","2017年 09月 09日 09:27:26"
"Python数据分析之小鲜肉粉丝情况","前段时间在有讲上分享了一个微博粉丝爬虫的代码，爬取的是吴亦凡的部分粉丝（不要问我为什么选择吴亦凡），今天把数据来出来简单分享下，看看吴亦凡小盆友...","7","5","0","2017年 12月 26日 21:28:40"
"sklearn调包侠之支持向量机","算法原理对于支持向量机原理，可参考该系列博客（https://www.cnblogs.com/pinard/p/6111471.html）。...","1","5","0","2018年 07月 04日 10:31:04"
"机器学习实战之朴素贝叶斯","在学习朴素贝叶斯分类模型之前，我们回顾一下之前学习的KNN和决策树，读者本人的总结：不同的机器学习方法有着不同的假设和理论进行支撑，而这些假设和...","8","5","0","2018年 06月 10日 16:46:18"
"我就打个卡","今天晚上和同学一起讨论算法比赛的问题，没来得及写简书，存打卡，不添加。早上上了一上午的课，看完泽天记，下午就查了下植物园分区的相关资料。晚上和...","2","5","0","2017年 05月 10日 23:09:51"
"Python有趣|数据可视化那些事（二）","pyecharts可视化上文我们使用了Excel可视化，绘制了一个伪《经济学人》图表，这种方法在一定程度上解决了pandas的缺陷：不美观，功...","0","5","0","2019年 03月 30日 10:04:42"
"函数讲解","一周不见，今天给大家讲一讲函数，这次课比较简单，篇幅不会很长，并不是小编懒啊，这周英语作业好多，呜呜~还记得上周讲的变量和字符串吗?忘了的同学回...","2","5","0","2016年 11月 25日 16:36:35"
"如何优雅的解决群友的Python问题？","01问题描述这个问题来源于自己Python交流群中的一个问题，如下图所示，需要计算每列中各值的出现次数，然后组成一个新的表。02解决思路...","0","5","0","2019年 11月 29日 10:33:23"
"python爬虫之图片下载APP 2.0",,"0","5","0","2016年 12月 29日 18:46:26"
"数学建模第二天","2017月4月22月","8","5","0","2017年 04月 22日 22:50:04"
"Excel坐标点导入到ArcGIS","01问题描述在最近的工作中，需要将坐标点（Excel格式）导入到ArcGIS中，用来做地理可视化和数据统计，例如下面的坐标点数据。有两点需...","0","5","0","2019年 07月 30日 08:41:18"
"再见2018，你好2019","又到了一年一度的年终总结，去年给自己的关键词是“小确幸”和“在路上”，因为在2017年，师兄师姐的耐心指导，让我觉得读研还是有很大意义的；然后学...","0","5","0","2019年 02月 02日 09:08:46"
"Python数据分析之dataframe的groupby","大家都知道数据库有groupby函数，今天给大家讲讲dataframe的groupby函数。groupby函数还是以上文的数据为例子，进行讲...","4","5","0","2017年 05月 14日 21:38:42"
"数学建模第一天","2017月4月21日","5","5","0","2017年 04月 21日 22:31:34"
"Python高效办公|ArcGIS批量编码","01前言首先给各位读者道个歉，公众号停更了半个月。不过，罗罗攀满血复活，从这周起，开始重新更新，每周一、三、五早上9点20，不见不散。其次...","0","5","0","2019年 06月 14日 16:06:39"
"sklearn调包侠之决策树算法","决策树原理之前我们详细讲解过决策树的原理，详细内容可以参考该链接（https://www.jianshu.com/p/0dd283516cbe...","1","5","0","2018年 07月 01日 08:41:55"
"Python进阶|函数的闭包","前言函数的闭包其实和函数的嵌套很相似，大家对于函数的嵌套应该是很熟悉的，那么先写一个简单的函数嵌套案例：当然这样去写两个数之和的函数，没有必...","0","5","0","2019年 10月 14日 19:48:58"
"新年福利第一波","首先感谢大家对罗罗攀的支持，2019年我们继续一起搞事。Python交流群之前很多读者加我，问我有没有交流群，我一直都是没弄的，主要是以下几...","2","5","0","2019年 01月 31日 10:05:36"
"Numpy库（一）","又回到起点学numpy库，最近看了下机器学习的书，用到很多numpy的知识，我是一脸懵逼的。如果是做python数据分析的话，通过pandas库...","2","5","0","2017年 06月 19日 09:46:24"
"sklearn调包侠之K-Means","K-Means算法k-均值算法（K-Means算法）是一种典型的无监督机器学习算法，用来解决聚类问题。算法流程K-Means聚类首先随机确...","0","5","1","2018年 07月 08日 09:48:49"
"记爬虫小分队（二）","2017年4月19日，关于简书收录专题爬取的思路。1.首先是异步加载，这里就不多说，就是找包，下图为收录专题的加载的包。2.可在Preview中...","5","5","1","2017年 04月 19日 17:05:33"
"记爬虫小分队（六）","2017年5月18日今天有同学问我贴吧为什么信息提取不出来？下面是同学的源代码：他是同find方法，找的div的class标签，对于这个问题，...","2","5","0","2017年 05月 18日 19:40:04"
"sklearn调包侠之PCA降维","PCAPCA（主成分分析），它是一种维度约减算法，即把高维度数据在损失最小的情况下转换为低纬度数据的算法。实战——人脸识别数据导入该数据...","0","5","0","2018年 07月 06日 08:06:57"
"Python数据分析之groupby语法糖","对于dataframe的groupby聚合函数来说，我们适当了解下语法糖，会对数据分析起到事半功倍的效果。对分组进行迭代首先看下各字段的类型...","3","5","0","2017年 05月 15日 20:18:07"
"韩剧《天空之城》推荐","今天给大家推荐前段时间较为火热的韩剧《天空之城》。天空之城“天空之城”，一个熟悉而陌生的名字。在这里，它不是宫崎骏爷爷笔下的天空之城拉普达（...","0","5","0","2019年 02月 26日 08:51:32"
"循环与判断","循环和判断感觉也并不是很难的问题，与C语言差距也不是很大，我在这里也就是讲一下用法吧，然后用2个小程序给大家解释一下，布尔值大家应该是知道的，T...","5","4","0","2016年 12月 01日 16:54:56"
"Python有趣|机器学习应该这样学","前言我不知道大家要花多长时间学习机器学习？前文我们已经介绍的Python爬虫和数据分析的知识，如果只是做入门，平均每门一个月，问题也是不大的；...","2","4","0","2019年 03月 31日 11:16:52"
"Django学习（第三天：我的第一个view）","创建app对于web小白来说，这些专业名称完全懵逼，还好美女姐姐讲的很好，我觉得一个网站相当于一个project的话，那每个小功能就是一个ap...","2","4","0","2017年 08月 04日 21:05:07"
"python爬虫之MQL5爬虫",,"4","4","1","2017年 08月 02日 10:44:15"
"罗罗攀的自我介绍","01公众号开了这么久，也没有好好的自我介绍下，但群里总会问：群主是做什么的？群主还是个学生？群主还出过书？每次都要回答一遍，很是麻烦，现在...","4","4","0","2019年 06月 14日 16:07:23"
"D同学的恋爱旋律","首先，我们简单的介绍一下D同学。D同学是本人的高中同学，虽说高中才同班，但一直也都是一个学校的，多多少少有过几面之缘。初中毕业前，在我的印象中...","2","4","0","2017年 08月 13日 21:35:26"
"书一样的女纸","今天的主人公是本科同学，我一般叫她组长。跟组长熟识是在大一课程的分组，那个时候她便是组长。首先，她是个成绩优异的姑娘。在班上，不是第一，就是第...","3","4","0","2017年 08月 06日 20:58:07"
"Python数据分析之方差分析","问题设某苗圃对一花木种子制定了5种不同的处理方法，每种方法处理了6粒种子进行育苗试验。一年后观察苗高获得资料如下表。已知除处理方法不同外，其他...","2","4","0","2017年 03月 28日 16:25:33"
"Django学习（第五天：Django中的MTV模型）","MmodelsTtemplatesVviews今天的主要任务是完成表单提交的全过程，通过之前的学习，我们已经完成了表单的制作，已经mi...","5","4","1","2017年 08月 08日 16:56:39"
"Django学习（第一天：环境的搭建）","开始跟着美女姐姐学web开发啦！享受这10天的学习之旅吧。pythonweb开发框架很多，Django是其中之一，让我们学习吧。python...","6","4","0","2017年 08月 01日 12:26:30"
"机器学习实战之线性回归","之前我们学习的机器学习算法都是属于分类算法，也就是预测值是离散值。当预测值为连续值时，就需要使用回归算法。本文将介绍线性回归的原理和代码实现。...","2","4","0","2018年 06月 16日 16:09:08"
"Python进阶|装饰器的那些事（二）","前言上次我们讲解了装饰器的定义和使用，这节课我们再继续深入聊聊装饰器的那些事。装饰器的嵌套装饰器是可以嵌套的，当然我们关心的是嵌套的装饰器...","1","4","0","2019年 11月 04日 08:36:00"
"打卡加虐狗",,"4","4","0","2017年 05月 21日 22:41:20"
"Python数据分析之一元线性回归","问题制作一元材积表，不懂林学的可能不知道，如图，也就是构造材积和胸径间的关系，这里采用了python的一元线性回归方法（本人用spss做了幂函...","3","4","0","2017年 03月 28日 16:43:58"
"记爬虫小分队（三）","2017年4月20日关于童鞋抓取简书文章阅读和评论的问题（喜欢也是一样的）！童鞋们发现写的xpath爬取不到，有的时候不要怀疑自己写错了（检查...","6","4","0","2017年 04月 20日 09:32:12"
"新课上线（爬虫+数据分析），案例多多，福利多多","新课上线大家如果经常看公众号或者博客的话，有很多这样的爆文：爬取XXX，得到XXX其实都是通过爬虫+数据分析的技术完成的，这个新课就是希望让学...","4","4","0","2019年 01月 08日 10:27:43"
"Python有趣|微博网红大比拼","前言在之前的分享中，我们已经学会了简书和知乎小姐姐的爬虫。今天罗罗攀把魔爪伸向了微博网红们，我们找找谁是最美网红。今天的流程如下：网页分析...","0","4","0","2019年 05月 11日 19:47:57"
"sklearn调包侠之朴素贝叶斯","文档处理朴素贝叶斯算法常用于文档的分类问题上，但计算机是不能直接理解文档内容的，怎么把文档内容转换为计算机可以计算的数字，这是自然语言处理（N...","0","4","0","2018年 07月 03日 15:16:32"
"Python数据分析之merge使用","在现实生活中，都会存在不同的表，但表之间有相互关系，我们需要进行整理，进行连接，这种过程类似于数据库的连接。我们先构造用户和订单的datafra...","3","4","0","2017年 05月 19日 21:14:02"
"出差第二天","调查搞起来","1","4","0","2017年 05月 07日 21:19:58"
"MongoDB安装","非关系性数据库NoSQL，泛指非关系型的数据库。随着互联网web2.0网站的兴起，传统的关系数据库在应付web2.0网站，特别是超大规模和高并...","2","4","0","2017年 05月 03日 21:32:57"
"深度学习|中文文本的分类（建模篇）","前言上回我们处理好了中文文本，具体的步骤如下：数据情况中文文本分词建立tokentoken转换为列表统一长度那这篇文章我们就使用M...","0","4","0","2019年 01月 27日 21:26:11"
"美美的matplotlib","总是感觉matplotlib画的图不是很好看，以前用highcharts画图很清新，而且自动调色，但今天在网上看到别人用matplotlib画的...","6","4","0","2017年 05月 29日 20:07:09"
"简书非官方大数据（二）","PS：这条很重要，我的文章中所说的大数据并不是现在很火的大数据话题，前几天看过一篇大数据的文章，简单来说：当一台电脑没法处理或你现在的条件没法处...","6","4","1","2017年 02月 10日 10:26:32"
"SQL题，Python做","01问题描述这个SQL题来源于自己的Python学习交流群，具体是这样的：用一条SQL语句查询出每门课都大于80的学生姓名和总成绩。0...","0","4","0","2019年 08月 19日 11:13:58"
"千里之行，始于足下",,"2","4","0","2016年 11月 18日 06:51:47"
"Python进阶|函数变量作用域","前言在Python编程中，函数是我们接触较多的知识点，毕竟函数是用来节省代码量和提高程序效率很重要的一个手段。首先，我们回顾下Python定...","0","3","0","2019年 10月 07日 09:16:45"
"记爬虫小分队（一）","2017年4月17日晚8点，爬虫小分队开幕仪式，同学们都很热情，部分学生也在Python爬虫作业专题中写下自己的期望，有一个学生把学Python...","4","3","1","2017年 04月 19日 11:09:58"
"我有酒，你有故事吗","作序：鼓起勇气，终于开始了我新的文集创作，这个文集就叫“我有酒，你有故事吗”。也就是在学校请同学吃个饭，聊个天，说出故事，由我来记录发表。由于是...","3","3","1","2017年 06月 16日 17:14:55"
"坚持，到底有多重要","12019年考研基本已经结束，新的2020年考研也开始起航了。之前给本科生代课，有很多学生会问我考研的问题。“考研难么”，“我这个专业考什么...","9","3","0","2019年 03月 30日 10:02:21"
"MySQL学习之联结表","内联结是inner外联结分为左右跟着程老哥学习下MySQL，看到联结表的时候还是很懵逼的，我们用案例看看，这几个联结方式的不同。首先定义了简单...","4","3","0","2017年 08月 24日 16:47:07"
"sklearn调包侠之线性回归","线性回归原理如图所示，这是一组二维的数据，我们先想想如何通过一条直线较好的拟合这些散点了？直白的说：尽量让拟合的直线穿过这些散点（这些点离拟合...","5","3","0","2018年 06月 28日 11:46:01"
"Anaconda安装和使用","「Python数据分析养成记」第一篇前言俗话说的好，“工欲善其事，必先利其器”。我们要运行Python代码，就需要Python的环境。本文就...","0","3","0","2019年 04月 03日 14:12:10"
"出差第一天","张家界～有山有水有美味","4","3","0","2017年 05月 06日 21:52:12"
"机器学习实战之K-Means聚类","俗话说的好：“物以类聚，人以群分”，今天我们要讲的聚类算法很大程度上可以印证此话。聚类是一种非监督学习，什么是非监督学习？与之前学习的分类和回归...","2","3","0","2018年 06月 20日 19:24:23"
"数学建模第三天","2017年4月23日谢谢群主的书～","12","3","1","2017年 04月 23日 23:11:39"
"日常虐狗",,"6","3","0","2017年 05月 27日 21:52:28"
"Python各版本冲突解决方案","之前电脑安装了anaconda，又安装了python3。anaconda的各环境相互不冲突，很好管理，确实是很方便。但今天想用下之前安装的pyt...","6","3","0","2017年 05月 02日 19:05:21"
"出差第三天","今天主要是去打酱油的～在林业局傻站了一天，也忘记拍照了。很多人会问，出差你都是拍的照片，看风景，吃美食，很爽的样子，工作的图片和介绍却很少，其实...","7","3","1","2017年 05月 08日 21:59:08"
"挑战一张图，三分钟，调出四季","一年有四季，每个季节都有不同的风景与韵味，今天就用Lightroom（Lr），使用一张照片，调出四个季节的风格照片，足不出户，看遍四季好风光。...","0","3","0","2020年 03月 03日 15:33:32"
"Python爬虫之煎蛋网图片下载",,"9","3","0","2017年 02月 08日 22:29:45"
"简书非官方大数据（三）","最近回老家了一趟，爬取简书的程序也就停下来了，回到长沙继续爬，很高兴的爬到了300W左右，导出来一看，好多重复的，我记得我说过设置过的，拿到代码...","4","3","0","2017年 02月 14日 17:46:40"
"Python爬虫小分队第四期招募帖","产品运营的时代到了刚开始老大准备开线上培训的时候，就说过，希望把这个培训当做一个产品好好运营，而这个事情终于在第四期开始拉开帷幕。现在有了专业...","5","3","0","2017年 08月 09日 15:34:02"
"今日碎碎念","最近一直都在搞毕业论文，可能更新Python技术文章并不是太多，各位看官多多见谅。我的公众号（罗罗攀）也已经有两年的历史了，不过也是在今年才开...","2","3","0","2018年 12月 12日 09:11:47"
"手机三分钟调出INS最火青橙色调","青橙色调在ins上是很受欢迎的，虽然现在都烂大街了，感觉到平平无奇。但是这种配色很适合夏日风光，以及带有天空，水元素之类的图片，今天就用三分钟...","0","2","0","2020年 02月 28日 20:10:43"
"Django学习（第四天：ORM&Model）","ORM，是一种程序技术，用于实现面向对象编程语言里不同类型系统的数据之间的转换。Modelsettingsmigrate和makemigr...","1","2","0","2017年 08月 05日 16:25:07"
"一串红",,"4","2","0","2017年 05月 25日 21:47:09"
"出差小记","01在路上，总是会有很多想法，很多供公号文章的素材，但这些灵感总是稍瞬即逝，留下的不过是空白。这也源于自己不善于使用手机记录灵感，一是觉得麻...","0","2","0","2019年 06月 21日 15:49:25"
"Python有趣|高德POI，玩转长沙","长沙CITY，长沙SHOW长沙C-BLOCK，长沙FLOW长沙妹驼，叫长沙GIRL前言说到长沙，大家第一想到的可能就是小吃，当然来长沙旅游，...","0","2","0","2019年 03月 30日 10:05:37"
"学习焦虑，我推荐你看这本书","01前言在我们的生活中，总是充斥着让人感觉焦虑的信息，某乎上动不动就是刚下飞机、年薪百万等，带着这种情绪去学习，很容易头脑发热，焦虑式学习。...","0","2","0","2020年 01月 17日 10:27:57"
"Python数据分析之matplotlib（二）","今天主要讲下一些参数的使用：","4","2","0","2017年 05月 23日 21:23:40"
"数学建模第四天","2017年4月24号通宵走起来","2","2","1","2017年 04月 24日 23:16:35"
"sklearn调包侠之逻辑回归","算法原理传送门：机器学习实战之Logistic回归正则化这里补充下正则化的知识。当一个模型太复杂时，就容易过拟合，解决的办法是减少输入特征...","1","2","0","2018年 06月 29日 10:33:55"
"职场办公|不要轻易合并单元格","前言这是「罗罗攀」的新系列文章，首先说明下开启这个新系列文章的初衷和原因吧。我自己最近刚工作没多久，主要的工作就是office+Arcgis...","0","2","0","2019年 05月 18日 10:58:22"
"三月份总结","三月份做的事情并不是太多，主要是分为公众号写作、论文和读书相关的事情，这里一一和大家分享下。公众号写作主要是更新了Python有趣系列，这个...","0","2","0","2019年 04月 05日 08:46:53"
"毕业论文爬坑记（建模篇）","前言上回说到，通过Python帮助小姐姐解决论文问题，在结尾我也说过，论文并没有想象的那么简单，下面就是本人最近整理的扎心语录。爬虫可以获取...","0","2","0","2018年 12月 10日 09:53:54"
"执子之手，与子偕老","高中1大宁最近有些反常，一下课就不见人。这次又踏着铃声回教室。我用笔狠狠戳他的背，一脸鄙夷。“喂喂喂，刚刚xx过来还书，你去哪了？”他眉眼一抬，...","2","2","0","2017年 08月 03日 23:21:45"
"叶子花",,"2","2","0","2017年 05月 24日 23:11:46"
"职场办公|眼花缭乱的数据对比","问题描述在工作中，会经常遇到两列数据做对比，找出相同或不同的数据。例如：下面的表格中，A列是所有的自然保护地，B列是有遥感图的自然保护地，我...","0","2","0","2019年 06月 07日 09:37:13"
"职场办公|分列那些小事","01问题描述在实际工作中，数据源总是千奇百怪，例如下面这种，需要进行拆分，这就需要使用数据分列的功能。02分隔符号分列数据分列很简单，...","0","2","0","2019年 06月 19日 20:21:00"
"写给北方的小说","其实，除了初中高中在语文课本上，看过几篇短篇小说外，大体我是没有认真看完过一本文学小说的。印象中，老师会说，小说的三要素是什么，时间人物地点，抓...","0","2","0","2019年 03月 30日 10:02:47"
"Python数据结构",,"2","2","0","2016年 12月 09日 10:47:02"
"Python数据分析之matplotlib（一）",,"2","2","0","2017年 05月 20日 20:50:00"
"年底了，不会T字线图可不行","01前言不知不觉2019年都快过去了，大家年初定的目标是否都完成了了？公司的业绩是否也都达到了？是否不用还花呗，步入小康了？灵魂三问完后，生...","0","1","0","2019年 12月 18日 10:49:36"
"职场办公|自定义排序","01问题描述如下图所示，我需要将一级类型按照“采石场&gt;工矿用地&gt;能源设施&gt;旅游设施&gt;交通设施&gt;养殖场&gt;农业用地&gt;...","0","1","0","2019年 06月 19日 20:20:54"
"Python高效办公|批量替换错误值","01前言这是「罗罗攀」的又一个新系列文章，依照惯例，还是说明下开启这个新系列文章的初衷和原因吧。在我的工作中，虽然大分部情况可以不通过编程...","0","1","0","2019年 05月 18日 10:58:48"
"每天早到公司20分钟，我会做这三件事情","从实习到现在，不管怎样，我都会早到公司20分钟。虽然比不上那些大佬，五点起床运动，干活，但这20分钟也足够让我做好这三件事情。01整理公众号...","0","1","0","2019年 06月 07日 09:37:31"
"职场办公|我竟然不会高级筛选","问题描述为了给同事们分发任务，需要根据同事分配的保护区，筛选出影像数据，最后将影像发给同事。我是第一时间就想到了筛选的功能，但是通过普通筛选...","0","1","0","2019年 05月 18日 10:58:28"
"女王节，我推荐看这本书","这束光还不够女王节可以说是全社会进步的产物，以前的男权社会有了很大的改观。现在的女王节，大部分是让商家来做活动的，但社会的黑暗面还存在。这远...","0","1","0","2019年 03月 30日 10:02:38"
"职场办公|VLOOKUP函数跳坑指南","01问题描述如果Excel函数中有流量明星的话，那一定是VLOOKUP函数了。第一次听这个函数，还是刚研一那会，师兄告诉我的，这个函数不...","1","1","0","2019年 05月 18日 10:58:15"
"记记花",,"7","1","0","2017年 05月 22日 22:48:12"
"Python数据分析之锁具装箱问题","问题重述某厂生产一种弹子锁，其槽数高度可以用1到6中取5个来表示。其限制条件是：至少在5个中有3个不同的数；相邻槽的高度相差不能为5。在实际试...","6","1","1","2017年 03月 28日 16:20:15"
"Python函数与控制语句","前言今天我们简单说下Python函数和控制语句，大纲如下：函数“脏活累活交给函数来做”，首先，看看Python中定义函数的方法。函数就是...","0","1","0","2019年 05月 18日 10:58:07"
"地铁调色，打造金属质感","地铁车厢等也是很多人的照片素材，但是在网上看了很多照片，总是觉得不好看。总结起来就是照片颜色多，而且偏黄，给人一种不干净的感觉，我比较喜欢通透...","0","1","0","2020年 03月 16日 14:50:21"
"Flask学习笔记之模板（三）","大纲我们都知道html模板中，很多内容都是有重复的，譬如前面的head和后面的footer部分，这里的部分都是重复的，我们可以通过今天的学习的...","0","1","0","2018年 11月 26日 18:29:09"
"Python基础数据类型","前言配置好我们的Python环境后，我们就可以正式开启Python学习之旅了。之前我不止一次说过二八定律（学习20%的重要知识，解...","0","1","0","2019年 05月 18日 10:57:57"
"推荐一部不错的国漫","01说起国漫，大抵可以通过一个词来形容：“男默女泪”。不过近年来国漫有崛起之势，先有《秦时明月》，后有《画江湖之不良人》。出了一些不错的国...","0","1","0","2019年 06月 07日 09:37:41"
"Flask学习笔记之url和函数映射","大纲这是flask的第二篇文章，在第一篇文章中，我们看到了flask是如何让固定url和和函数保证对应的，但现实的URL中，URL路径是多变的...","0","1","0","2018年 11月 17日 09:08:18"
"《爆款写作课》心得","最近花了点时间，看了下弗兰克大佬的《爆款写作课》，让我感受深刻的并不是如何做好写作，而是一些为人处世的道理。这里和大家分享一下。自我介绍第一...","1","1","0","2019年 03月 30日 10:02:51"
"百度API情感分析","01前言情感分析是NLP的重要部分，之前我们使用过Python第三方库SnowNLP进行情感分析，也训练过朴素贝叶斯模型来更好的符合我们的数...","0","1","0","2019年 07月 19日 17:08:25"
"Flask学习笔记之模板（二）","大纲模板也是提供流程控制的，本次的分享内容见下：判断循环静态文件判断这里我们输入一个成绩变量，看是否及格。然后在模板中写入判读语句...","0","0","0","2018年 11月 21日 08:54:07"
"再见2019，你好2020","不知不觉，罗罗攀又陪伴了大家一年的时光。首先，依旧是感谢各位读者的支持，只要自己的文章给大家一点微不足道的帮助，我都会坚持下去。按着老套路，还...","0","0","0","2020年 02月 14日 14:15:02"
"Python内置数据结构","前言前文讲解了Python的基础数据类型，但是对于复杂的问题，最基础的数据类型可能没法解决。例如，每个变量（容器）只能装一种饮料（雪碧或者可乐...","0","0","0","2019年 05月 18日 10:58:02"
"爬虫加数据分析，玩转数据","爬虫+数据分析大家如果经常看公众号或者博客的话，有很多这样的爆文：爬取XXX，得到XXX其实都是通过爬虫+数据分析的技术完成的，这个新课就是希...","0","0","0","2019年 07月 11日 12:33:31"
