排名,电影名称,电影英文名称,导演,剧情类型,上映时间,片长,累计票房,主演,评分,奖项,剧情简介
1,霸王别姬,Farewell My Concubine,陈凯歌,剧情,1993-07-26,171分钟,1万,"张国荣,张丰毅,巩俐",9.5,"['第66届奥斯卡金像奖', '第46届戛纳电影节', '第66届奥斯卡金像奖', '第46届戛纳电影节', '第47届英国电影和电视艺术学院奖', '第19届上海国际电影节', '第20届华鼎奖']",影片借一出《霸王别姬》的京戏，牵扯出三个人之间一段随时代风云变幻的爱恨情仇。段小楼（张丰毅 饰）与程蝶衣（张国荣 饰）是一对打小一起长大的师兄弟，两人一个演生，一个饰旦，一向配合天衣无缝，尤其一出《霸王别姬》，更是誉满京城，为此，两人约定合演一辈子《霸王别姬》。但两人对戏剧与人生关系的理解有本质不同，段小楼深知戏非人生，程蝶衣则是人戏不分。段小楼在认为该成家立业之时迎娶了名妓菊仙（巩俐 饰），致使程蝶衣认定菊仙是可耻的第三者，使段小楼做了叛徒，自此，三人围绕一出《霸王别姬》生出的爱恨情仇战开始随着时代风云的变迁不断升级，终酿成悲剧。
2,肖申克的救赎,The Shawshank Redemption,弗兰克·德拉邦特,剧情,1994-09-10,142分钟,暂无,"蒂姆·罗宾斯,摩根·弗里曼,鲍勃·冈顿",9.5,"['第67届奥斯卡金像奖', '第52届金球奖', '第67届奥斯卡金像奖', '第52届金球奖', '第19届日本电影学院奖', '第42届土星奖', '第21届土星奖', '第69届日本电影旬报奖', '第34届美国剪辑工会奖', '第47届美国导演工会奖', '第1届美国演员工会奖', '第20届报知映画赏']",20世纪40年代末，小有成就的青年银行家安迪（蒂姆·罗宾斯 饰）因涉嫌杀害妻子及她的情人而锒铛入狱。在这座名为肖申克的监狱内，希望似乎虚无缥缈，终身监禁的惩罚无疑注定了安迪接下来灰暗绝望的人生。未过多久，安迪尝试接近囚犯中颇有声望的瑞德（摩根·弗里曼 饰），请求对方帮自己搞来小锤子。以此为契机，二人逐渐熟稔，安迪也仿佛在鱼龙混杂、罪恶横生、黑白混淆的牢狱中找到属于自己的求生之道。他利用自身的专业知识，帮助监狱管理层逃税、洗黑钱，同时凭借与瑞德的交往在犯人中间也渐渐受到礼遇。表面看来，他已如瑞德那样对那堵高墙从憎恨转变为处之泰然，但是对自由的渴望仍促使他朝着心中的希望和目标前进。而关于其罪行的真相，似乎更使这一切朝前推进了一步……
3,这个杀手不太冷,Léon,吕克·贝松,剧情,1994-09-14,110分钟,1950万美元,"让·雷诺,加里·奥德曼,娜塔莉·波特曼",9.5,"['第19届日本电影学院奖', '第20届法国电影凯撒奖', '第19届日本电影学院奖', '第20届法国电影凯撒奖', '第5届北京国际电影节']",里昂（让·雷诺 饰）是名孤独的职业杀手，受人雇佣。一天，邻居家小姑娘马蒂尔德（纳塔丽·波特曼 饰）敲开他的房门，要求在他那里暂避杀身之祸。原来邻居家的主人是警方缉毒组的眼线，只因贪污了一小包毒品而遭恶警（加里·奥德曼 饰）杀害全家的惩罚。马蒂尔德 得到里昂的留救，幸免于难，并留在里昂那里。里昂教小女孩使枪，她教里昂法文，两人关系日趋亲密，相处融洽。 女孩想着去报仇，反倒被抓，里昂及时赶到，将女孩救回。混杂着哀怨情仇的正邪之战渐次升级，更大的冲突在所难免……
4,罗马假日,Roman Holiday,威廉·惠勒,剧情,1953-08-20,118分钟,暂无,"格利高里·派克,奥黛丽·赫本,埃迪·艾伯特",9.0,"['第26届奥斯卡金像奖', '第14届威尼斯电影节', '第26届奥斯卡金像奖', '第14届威尼斯电影节', '第11届金球奖', '第5届北京国际电影节']",欧洲某国的安妮公主（奥黛丽·赫本 饰）到访罗马，国务烦身，但她又厌倦繁文缛节。一天晚上，身心俱疲的她偷偷来到民间欣赏夜景，巧遇报社记者乔（格利高里·派克 饰）。二人把手同游，相当快乐。公主更是到乔的家中作客并在那过夜。不料乔无意中发现了公主的真实身份，他决定炮制一个独家新闻，于是乔和朋友、摄影师欧文（埃迪·艾伯特 饰）一起带公主同游罗马，并且偷拍了公主的很多生活照。然而，在接下来与公主的相处中，乔不知不觉恋上了公主。为了保护公主的形象，乔只能忍痛抛弃功成名就的良机，将照片送予了公主。安妮公主在经历了罗马一日假期后，反而体验了自己对国家的责任，毅然返回了大使馆，为了本身的责任而果断抛弃了爱情。
5,泰坦尼克号,Titanic,詹姆斯·卡梅隆,剧情,1998-04-03,194分钟,暂无,"莱昂纳多·迪卡普里奥,凯特·温丝莱特,比利·赞恩",9.4,"['第70届奥斯卡金像奖', '第55届金球奖', '第70届奥斯卡金像奖', '第55届金球奖', '第18届中国电影金鸡奖', '第11届欧洲电影奖', '第51届英国电影和电视艺术学院奖', '第21届日本电影学院奖', '第24届法国电影凯撒奖', '第26届安妮奖', '第7届MTV电影奖', '第25届人民选择奖', '第32届土星奖', '第24届土星奖', '第2届好莱坞电影奖', '第40届日本电影蓝丝带奖', '第37届美国剪辑工会奖', '第62届纽约影评人协会奖', '第50届美国导演工会奖', '第4届美国演员工会奖', '第23届报知映画赏']",1912年4月15日，载着1316号乘客和891名船员的豪华巨轮“泰坦尼克号”与冰山相撞而沉没，这场海难被认为是20世纪人间十大灾难之一。1985年，“泰坦尼克号”的沉船遗骸在北大西洋两英里半的海底被发现。美国探险家洛维特（比尔·帕克斯顿 饰）亲自潜入海底，在船舱的墙壁上看见了一幅画，洛维持的发现立刻引起了一位老妇人（格劳瑞亚·斯图尔特 饰）的注意。已经是101岁高龄的露丝称她就是画中的少女。在潜水舱里，露丝开始叙述当年在船上发生的故事。年轻的贵族少女露丝（凯特·温丝莱特 饰）与穷画家杰克（莱昂纳多·迪卡普里奥 饰）不顾世俗的偏见坠入爱河，然而就在1912年4月14日，一个风平浪静的夜晚，泰坦尼克号撞上了冰山，“永不沉没的”泰坦尼克号面临沉船的命运，罗丝和杰克刚萌芽的爱情也将经历生死的考验，最终不得不永世相隔。老态龙钟的罗丝讲完这段哀恸天地的爱情之后，把那串价值连城的项链“海洋之心”沉入海底，让它陪着杰克和这段爱情长眠海底。
6,乱世佳人,Gone with the Wind,山姆·伍德,剧情,1939-12-15,238分钟,暂无,"费雯·丽,克拉克·盖博,奥利维娅·德哈维兰",9.1,"['第12届奥斯卡金像奖', '第15届人民选择奖', '第12届奥斯卡金像奖', '第15届人民选择奖']",美国南北战争前夕，南方农场塔拉庄园的千金斯嘉丽（费·雯丽 饰）爱上了另一个农场主的儿子艾希礼（李斯利·霍华德 饰），遭到了拒绝，为了报复，她嫁给了自己不爱的男人，艾希礼妻子梅兰（奥莉薇·黛·哈佛兰 饰）的弟弟查尔斯。战争期间，斯嘉丽成为寡妇，失去母亲，挑起生活的重担，不再是当初的千金小姐；战争结束后，她又两度为人妻，嫁给了爱她多年的投机商人瑞德（克拉克·盖博 饰）。然而，纵使经历了生活的艰苦，斯嘉丽对艾希礼的感情仍然没有改变。艾希礼妻子梅兰的去世，给了斯嘉丽一个机会，一边是深爱自己的丈夫瑞德，一边是心心念念多年的艾希礼？斯嘉丽会给自己怎样一个不一样的明天？
7,唐伯虎点秋香,Flirting Scholar,李力持,喜剧,1993-07-01,102分钟,暂无,"周星驰,巩俐,郑佩佩",9.1,[],唐伯虎（周星驰 饰）身为江南四大才子之首，却有道不尽的心酸。宁王想让唐伯虎帮其图谋作反，被唐伯虎拒绝意淫结仇。唐伯虎在与朋友出游时，遇到了貌若天仙的秋香（巩俐 饰）并对她一见钟情，决心要到华府当家丁以追求秋香，唐伯虎被取名华安。期间华太师遇到了宁王上门刁难，幸好有唐伯虎出面相助，并暴露了自己是唐伯虎的身份。秋香才知道华安是自己欣赏的唐伯虎。华夫人跟唐家有怨，因此二人便开始斗法。怎料宁王跟夺命书生再次上门，华夫人不是对手，幸得唐伯虎出手，华夫人也答应把秋香许配给唐伯虎。
8,魂断蓝桥,Waterloo Bridge,茂文·勒鲁瓦,剧情,1940-05-17,108分钟,暂无,"费雯·丽,罗伯特·泰勒,露塞尔·沃特森",9.2,"['第13届奥斯卡金像奖', '第13届奥斯卡金像奖']",第一次世界大战期间，回国度假的陆军中尉罗伊（罗伯特·泰勒 饰）在滑铁卢桥上邂逅了舞蹈演员玛拉（费雯·丽 饰），两人彼此倾心，爱情迅速升温。就在两人决定结婚之时，罗伊应招回营地，两人被迫分离。由于错过剧团演出，玛拉被开除，只能和好友相依为命。不久玛拉得知罗伊阵亡的消息，几欲崩溃，备受打击。失去爱情的玛拉感到一切都失去了意义，为了生存，她和好友不得不沦为妓女。然而命运弄人，就在此时玛拉竟然再次遇到了罗伊。虽然为罗伊的生还兴奋不已，玛拉却因自己的失身陷入痛苦之中。感到一切难以挽回的玛拉潸然离开，独自来到两人最初相遇的地点——滑铁卢桥上…
9,辛德勒的名单,Schindler&#39;s List,史蒂文·斯皮尔伯格,剧情,1993-11-30,195分钟,暂无,"连姆·尼森,拉尔夫·费因斯,本·金斯利",9.2,"['第66届奥斯卡金像奖', '第51届金球奖', '第66届奥斯卡金像奖', '第51届金球奖', '第47届英国电影和电视艺术学院奖', '第18届日本电影学院奖', '第20届法国电影凯撒奖', '第3届MTV电影奖', '第39届意大利大卫奖', '第68届日本电影旬报奖', '第33届美国剪辑工会奖', '第58届纽约影评人协会奖', '第46届美国导演工会奖', '第19届报知映画赏']",1939年，波兰在纳粹德国的统治下，党卫军对犹太人进行了隔离统治。德国商人奥斯卡·辛德勒（连姆·尼森 饰）来到德军统治下的克拉科夫，开设了一间搪瓷厂，生产军需用品。凭着出众的社交能力和大量的金钱，辛德勒和德军建立了良好的关系，他的工厂雇用犹太人工作，大发战争财。1943年，克拉科夫的犹太人遭到了惨绝人寰的大屠杀，辛德勒目睹这一切，受到了极大的震撼，他贿赂军官，让自己的工厂成为集中营的附属劳役营，在那些疯狂屠杀的日子里，他的工厂也成为了犹太人的避难所。1944年，德国战败前夕，屠杀犹太人的行动越发疯狂，辛德勒向德军军官开出了1200人的名单，倾家荡产买下了这些犹太人的生命。在那些暗无天日的岁月里，拯救一个人，就是拯救全世界。
10,喜剧之王,The King of Comedy,李力持,剧情,1999-02-13,85分钟,暂无,"周星驰,莫文蔚,张柏芝",9.1,"['第19届香港金像奖', '第19届香港金像奖']",尹天仇（周星驰 饰）一直醉心戏剧，想成为一名演员，平时除了做跑龙套以外，还会在街坊福利会里开设演员训练班。此时舞小姐柳飘飘在妈妈桑的带领下来到这里要求学做戏，原来柳飘飘有一段非常不愉快的经历，在尹天仇对她指导的过程中，柳飘飘对尹天仇渐生情愫，同时她也成为了夜总会里当红的小姐。尹天仇受到了极多白眼之后，终于得到了大明星鹃姐（莫文蔚 饰）的赏识，提携他担演新戏中的男主角，但没想到突然把他的角色换掉了，令他失望不已。在片场当场务的卧底警员（吴孟达 饰）身份被识穿，尹天仇阴差阳错的帮忙破了案。之后尹天仇继续活跃在街坊福利会的演员训练班里。
11,音乐之声,The Sound of Music,罗伯特·怀斯,剧情,1965-03-02,174分钟,暂无,"朱莉·安德鲁斯,克里斯托弗·普卢默,埃琳诺·帕克",9.0,"['第38届奥斯卡金像奖', '第23届金球奖', '第38届奥斯卡金像奖', '第23届金球奖', '第19届英国电影和电视艺术学院奖', '第11届意大利大卫奖', '第5届美国剪辑工会奖', '第30届纽约影评人协会奖', '第18届美国导演工会奖']",玛利亚（朱丽·安德鲁斯 饰）是一个年轻活泼的修女，喜欢在大自然下高声歌唱，所以她常常忘记了修道院里的规矩。院长认为玛利亚并不属于规矩严格的修道院。院长与众嬷嬷商量后，决定安排玛利亚到一位名叫特拉普（克里斯托弗·普卢默 饰）上校家当家庭教师。上校的妻子去世多年，留下7个孩子，他要求对孩子严格管教。他告诉玛利亚在他家的家庭教师都做不长久，都是因为孩子的恶作剧。玛利亚果然也遭到了恶作剧，可是这位善良的老师并没有告诉他们的父亲，而是像个母亲一样照顾孩子，很快跟孩子打成一片。上校也渐渐在玛利亚的引导下改变了对孩子们的态度。上校与玛利亚之间发生了感情，他们完婚后回到了已被纳粹占领的奥地利，上校并不想为纳粹办事，一家人准备逃跑……
12,天空之城,天空の城ラピュタ,宫崎骏,动画,1992-05-01,125分钟,暂无,"寺田农,鹫尾真知子,龟山助清",9.0,[],小姑娘希达 （SHEETA）是传说中“天空之城拉普达 （Laputa ）”王族的后裔，那曾是超越地上文明不知几千年的空中文明，但不知为何，希达的祖先离开“天空之城”，抛弃发达的科技，在地面上过起隐居的生活。然而一天，几个不明身份的男子出现在她家门口。故事由希达所坐的军队飞行船遭到空中海盗的袭击而开始。争斗中希达从万米高空的飞行船上跌落下来…… 故事另外一个主人公少年巴斯 （PASU）是矿工机师的学徒，这一天收工时，发现天上有个亮晶晶的东西正在慢慢地下落。是什么？UFO？他飞也似的跑过去，发现是一个好可爱的女孩子，在一团蓝光的包围下从天上飘下来了……第二天，希达在巴斯的房间里醒来，发现房里有一张“天空之城拉普达”的照片。这是巴斯的父亲冒着生命的危险历尽艰险才拍到的真正的天空之城，但除了巴斯之外，没有人相信他。于是父亲在郁郁寡欢中去世了。巴斯发誓，一定要向他人证实，世上真的有天空之城存在！ 嗅觉灵敏的海盗很快就找上门来了。接下来就是一段令人眼花缭乱的追捕与逃跑镜头，最后二人在众目睽睽之下掉入万丈深的矿井，希达戴的飞行石又一次发光，令他二人安全飘落。矿井中，飞行石和井下的矿石发生共鸣，原来这里曾是开采飞行石原料的地方，但提炼飞行石的技术，传说只有拉普达人才掌握着。二人刚出矿井，就被军队的人抓住了。希达被带往要塞，在那里，一个叫穆斯卡的人给希达看一个巨大的机器人，说是从天空之城掉下来的，凭当时的科技无法令它再启动。当天晚上，希达念起祖辈所流传的寻求帮助的咒语，飞行石发出光茫，令机器人再次活起来，整个要塞变成火的海洋。巴斯趁乱和海盗达成联盟飞入要塞救出了希达。匆忙中希达丢失了飞行石，而穆斯卡得到了宝石，命军队按照宝石上圣光的指引，飞向天空之城。另一方，海盗妈妈朵拉从希达的记述中算出了天空之城的方位，带着希达二人乘海盗飞艇全速前进！即将到达之时，忽然前方出现龙卷风，和穆斯卡的舰艇又狭路相逢，交战中巴斯和希达的滑翔机被卷入龙卷风里。这里是被上帝抛弃的领域，自然的恐怖与众神的愤怒在这里集结，飞越浓重的黑暗，在纵横飞啸的电光中，穿过闪电的回廊，突破生与死的界限，命运之门再次敞开在少年的面前……龙卷风的中心，正是传说中的飞岛“天空之城拉普达”！这儿是寂静的天堂，只有机器人值守的空中都市，植物和远古生物的家园。穆斯卡抓住了海盗们，也来到了拉普达，他迫使希达和他一起进入中央控制室，启动黑石碑上的文字，即将开始他称霸世界的野心。希达抢回飞行石，为了阻止穆斯卡，她和巴斯一起念起毁灭一切的咒语：巴鲁斯。拉普达解体，邪恶和助纣为虐的武器系统一同化为大气层的火球坠入海中，而使拉普达漂在空中的巨大飞行石结晶载着拉普达的生命之树，上升到天空的尽头  。
13,大闹天宫,The Monkey King,万籁鸣,动画,1965-12-31,114分钟,暂无,"邱岳峰,毕克,富润生",9.0,[],话说在东土傲来国有一座花果山，山上有一尊石猴吸收日精月华化身为一只神猴（邱岳峰 配音），统领着山中的猴子猴孙。为求得一件称心的宝贝，神猴孙大圣潜入龙宫，强硬求来大禹治水时的定海神针如意金箍棒。东海龙王（毕克 配音）心有不甘，于是上天将此事诉诸玉帝（富润生 配音）。玉皇大帝命令太白金星（尚华 配音）下界招安，许以爵位。不知有诈的孙大圣欣然前往，却发现只是负责养马的弼马温。得知受骗的猴王反下天庭，与天兵天将在花果山展开大战……
14,春光乍泄,Happy Together,王家卫,剧情,1997-05-17,96分钟,32万美元,"张国荣,梁朝伟,张震",9.2,"['第50届戛纳电影节', '第49届戛纳电影节', '第50届戛纳电影节', '第49届戛纳电影节', '第17届香港金像奖', '第34届台湾电影金马奖', '第13届独立精神奖', '第4届香港电影评论学会大奖']",影片讲述了一对同性恋人从香港来到阿根廷，在异国发生争执，分分合合的一段虐恋故事。黎耀辉（梁朝伟 饰）与何宝荣（张国荣 饰）是一对同性恋人，为了有新的开始，他们怀着美丽的梦想离开香港来到阿根廷，却在布宜诺斯艾利斯迷了路。黎耀辉想安下心来过日子，无奈何宝荣于夜夜笙歌中放纵着自己的生命，当何宝荣受伤后回到黎耀辉的住处，他一面想和黎耀辉和好一面又猜疑黎耀辉爱上了别人。于是两人不断产生分歧、争吵，两颗心的距离越来越远……
15,剪刀手爱德华,Edward Scissorhands,蒂姆·波顿,剧情,1990-12-06,105分钟,5636万美元,"约翰尼·德普,薇诺娜·瑞德,黛安娜·威斯特",8.8,"['第63届奥斯卡金像奖', '第48届金球奖', '第63届奥斯卡金像奖', '第48届金球奖', '第45届英国电影和电视艺术学院奖', '第18届土星奖', '第55届纽约影评人协会奖']",一座古堡中住着一位发明家，制造出了各种东西，最后还造出了一个机器人，并给他起名叫爱德华 （ 约翰尼·德普 饰）。发明家对这件作品倾注了全部的心血，他甚至教授爱德华人类的礼仪和诗歌，何时微笑何时沉默。然而，没有等到机器人最后完成，发明家就去世了，留下已有人类心智却残留着一双剪刀手的爱德华独自在古堡生活 。不知过了多少岁月，一位推销化妆品的中年女子佩格 （ 黛安娜·维斯特 饰）误闯城堡，发现了形容古怪的爱德华。好心的佩格没有被爱德华惨白的肤色和张牙舞爪的剪刀手吓倒，而是怜其孤独，把他带回了自己的家。佩格住在一个色调明丽的小社区里，女邻居们都喜欢调情、窥探、以及搬弄是非。爱德华的出现，给她们百无聊赖的生活增添了新鲜的刺激，所以大家都对他表现出了极大的友好甚至亲昵。当他展露出用剪刀手修剪植物、设计发型的才华，全镇的人几乎都为他癫狂了，把他当成了明星一样的宠儿。但他也有自己的痛苦，那就是爱上了佩格的女儿、美丽绝俗的金 （ 薇诺娜·瑞德 饰）。金早已有了男友，而且对这位家庭新成员一直有抵触情绪。为了金的一个请求，爱德华硬着头皮潜入金男友父亲的豪宅，不慎被警察逮捕后也没有吐露真相，唯恐连累心上人。虽然他不久由于“没有判断是非的能力”被释放，但周围的人都把他看成蓄意抢劫财物的危险分子，对他以及佩格全家敬而远之。在这一过程中，金逐渐看清了男友的丑恶嘴脸，与他决裂，并对爱德华产生了好感。圣诞夜大雪纷飞，矛盾达到了最高潮，爱德华越想做好事就反而被误会得越深，全镇居民都要求驱逐爱德华，甚至连佩格也认为他应该回到古堡中去。在古堡的打斗中爱德华杀死了金恶毒的男友，金也接受了爱德华不求回报的爱。这是爱情最初的交融，也是最后一次的交融，从此爱德华永远隐藏进了不为人知的角落，在那里修剪他的植物、冰雪、和爱情  。
16,黑客帝国,The Matrix,拉娜·沃卓斯基,动作,2000-01-14,136分钟,暂无,"基努·里维斯,凯瑞-安·莫斯,劳伦斯·菲什伯恩",9.0,"['第72届奥斯卡金像奖', '第53届英国电影和电视艺术学院奖', '第72届奥斯卡金像奖', '第53届英国电影和电视艺术学院奖', '第23届日本电影学院奖', '第9届MTV电影奖', '第26届土星奖', '第39届美国剪辑工会奖']",不久的将来，网络黑客尼奥（基努·里维斯 饰）对这个看似正常的现实世界产生了怀疑。他结识了黑客崔妮蒂（凯瑞-安·莫斯 饰），并见到了黑客组织的首领墨菲斯（劳伦斯·菲什伯恩 饰）。墨菲斯告诉他，现实世界其实是由一个名叫“母体”的计算机人工智能系统控制，人们就像他们饲养的动物，没有自由和思想，而尼奥就是能够拯救人类的救世主。   可是，救赎之路从来都不会一帆风顺，到底哪里才是真实的世界？如何才能打败那些超人一样的特工？尼奥是不是人类的希望？这是黑客的帝国，程序和代码欢迎大家的到来。
17,指环王3：王者无敌,The Lord of the Rings: The Return of the King,彼得·杰克逊,剧情,2004-03-15,201分钟,8630万,"伊莱贾·伍德,伊恩·麦克莱恩,丽芙·泰勒",9.2,"['第76届奥斯卡金像奖', '第61届金球奖', '第76届奥斯卡金像奖', '第61届金球奖', '第57届英国电影和电视艺术学院奖', '第28届日本电影学院奖', '第2届北京国际电影节', '第13届MTV电影奖', '第38届土星奖', '第31届土星奖', '第30届土星奖', '第6届青少年选择奖', '第43届美国剪辑工会奖', '第68届纽约影评人协会奖', '第56届美国导演工会奖', '第10届美国演员工会奖', '第4届美国电影学会奖']",魔戒圣战逐渐进入高潮阶段。霍比特人弗罗多（伊利亚·伍德 饰）携带着魔戒，与伙伴山姆（西恩·奥斯汀 饰）以及狡猾阴暗的咕噜（安德鲁·瑟金斯 饰）等前往末日火山，一路上艰难险阻不断。魔君索伦为阻止魔戒的销毁，用尽全力阻挠。另一方面，白袍巫师甘道夫（伊安·麦克莱恩 饰）率中土勇士们镇守刚铎首都——白城米那斯提力斯。魔兽大军压境，黑暗与光明的决战即将来临……
18,哈利·波特与魔法石,Harry Potter and the Sorcerer&#39;s Stone,克里斯·哥伦布,奇幻,2002-01-26,152分钟,5600万,"丹尼尔·雷德克里夫,鲁伯特·格林特,艾玛·沃特森",9.0,"['第74届奥斯卡金像奖', '第55届英国电影和电视艺术学院奖', '第74届奥斯卡金像奖', '第55届英国电影和电视艺术学院奖', '第25届日本电影学院奖', '第3届北京国际电影节', '第11届MTV电影奖', '第39届人民选择奖', '第28届土星奖', '第4届青少年选择奖', '第41届美国剪辑工会奖', '第12届美国电影学会奖']",哈利波特是一个孤儿，从小寄养在姨妈家，受尽欺凌。但就在哈利11岁生日的时候，他意外收到了霍格沃茨学院的入学通知书。哈利从该学院派来接他的巨人海格口中得知，这是一间魔法学院，并得知了自己的身世，原来哈利的父母都是伟大的魔法师，在对付伏地魔的战斗中双双献身，唯有哈利幸免于难。哈利进入霍格沃茨后，表现出了超乎想象的飞行天赋，得到麦格教授的推荐进入了格兰芬多的魁地奇球队。另一方面，哈利发现霍格沃茨学院内有一股黑暗势力似乎在暗暗滋长，揭开谜团的关键就在有凶恶的三头犬守护的房间内。哈利、罗恩和赫敏三个好朋友决定探个究竟。
19,加勒比海盗,Pirates of the Caribbean: The Curse of the Black Pearl,戈尔·维宾斯基,动作,2003-11-21,143分钟,2707万,"约翰尼·德普,凯拉·奈特莉,奥兰多·布鲁姆",8.9,"['第76届奥斯卡金像奖', '第61届金球奖', '第76届奥斯卡金像奖', '第61届金球奖', '第57届英国电影和电视艺术学院奖', '第13届MTV电影奖', '第39届人民选择奖', '第30届人民选择奖', '第30届土星奖', '第6届青少年选择奖', '第5届青少年选择奖', '第7届好莱坞电影奖', '第43届美国剪辑工会奖', '第10届美国演员工会奖']",杰克·斯帕罗 （ 约翰尼·德普 饰）是个加勒比沿海小镇子上不务正业的小痞子，别看他眼下是混得这么惨，但是当初，他也曾经是一位驾着自己的爱船，率领着众多喽罗纵横海上劫富济贫的侠盗，可惜一个不小心，着了坏蛋船长巴博萨 （ 杰弗瑞·拉什 饰）的道儿，被他抢走了心爱的海盗船“黑珍珠号”不说，也让从小立志成为一名出色海盗的杰克倍受打击，心灰意冷的他干脆落拓到这个不起眼的小镇子上混起了日子。某天，当地地方官漂亮动人却又野性难驯的女儿伊丽莎白 （ 凯拉·奈特利 饰）被突然冒出来的巴博萨船长领军的一票海盗给劫走了，原来，巴博萨自从从杰克手里抢走了“黑珍珠号”以后，他和手下人就全部中了一个古老的诅咒，每当有月光照在他们身上，他们就会变成一帮半人不鬼的活动骷髅，当海盗再逍遥再自在，背着这么个诅咒过一辈子也郁闷痛苦啊。恰就在这时，巴博萨船长偶然看到了伊丽莎白身上佩带的一个徽章，根据书上记载，它似乎正是解除这个咒语的关键所在，于是一不做二不休，索性连人带东西一起掠上船带走。伊丽莎白被海盗抢走了。这个消息可急坏了和伊丽莎白青梅竹马的铁匠威尔·特纳 （ 奥兰多·布鲁姆 饰），万般无奈之下，他只得求助于有过海盗背景的杰克，当杰克知道抢走伊丽莎白的正是和他不共戴天的巴博萨船长时，他立刻答应和威尔一起追踪“黑珍珠号”，为了救美，更为了夺回自己的爱船，于是两人跑去偷了一艘号称是英国舰队最快的帆船，升帆扬旗，和巴博萨船长在美丽而危险的加勒比海上展开了一场惊心动魄的追逐。 杰克船长 （ 约翰尼·德普 饰）再次扬起海盗旗帜，开始又一次充满危险的加勒比冒险之旅。在上一集中，可怕的黑珍珠诅咒已经被解除，但杰克船长并没有意识到，有一种更可怕的诅咒已经降临到他和他手下的那些粗野船员身上，这个咒语源自第比斯海的统治者，传说中的戴维·琼斯，他驾驶着让人恐惧的“飞行荷兰人”号快船，在速度与装备上，没有任何船能够超越它。杰克船长因为这个诅咒而欠下琼斯一个血债，他必须赶在最后时限到来之前，找到方法将它解除，否则他会永远背负血债，并且在余生永远成为琼斯的奴隶。当然这还并非是杰克船长的唯一麻烦，他的好友威尔·特纳 （奥兰多·布鲁姆饰）因为杰克的事被迫取消了他与伊丽莎白 （凯拉·奈特利饰）的婚礼，并且发现他们又被卷入海盗船长糟糕的坏运气之中，不得不面对巨大神秘 的海洋怪物、不友善的小岛土著、打扮华丽的占卜者戴尔玛，甚至还遇到了威尔失散已久的父亲比尔。与此同时，无情的海盗猎手拜克特受东印度公司的派遣，正在四处寻找具有魔力的“聚魂棺”，传说中一旦拥有它，就可以随意控制戴维·琼斯，拜克特希望借助这种邪恶的力量，去消灭所有加勒比地区的海盗，让商人和殖民主义者成为真正的财富掠夺者。 杰克船长 （ 约翰尼·德普 饰）没有抵住女色的诱惑，中了伊丽莎白 （凯拉·奈特利饰）的计，被拉入由戴维·琼斯控制的“死界”，换一句话说就是杰克船长已经死了，但他的“死”与那种严格意义的死亡还不一样--他还能够“回来”，只是需要靠人拯救而已。对自己的行为感到非常后悔的伊丽莎白、因为爱人移情别恋而感到妒火中烧的威尔·特纳和不知何故重新活了过来的巴伯萨副船长--他们三人结成同盟，决定去“世界的另一边”救回被困在一个奇怪的死亡世界里的杰克船长，当他们来到充满了异域风情的东南亚时，见到了新加坡的海盗头啸风 （周润发饰），从他手里得到了一个特别的地图，可以指引他们抵达由戴维·琼斯控制着的死亡世界。而狡猾的卡特勒·贝凯特大人终于得到了戴维·琼斯的心脏，这个公司背后的真正老板的目的不是要毁掉海上魔王，而是要控制住他以及“飞翔的荷兰人”，利用他的威慑力，让整个公海的海盗都成为自己能够随意差遣的傀儡。为了找出办法应对这次所有海盗正在面对着的最大危机，来自于世界各地的海盗大佬们密会于一个隐藏的海湾中，共同商讨应对的策略。 杰克船长 （ 约翰尼·德普 饰）被英国国王乔治二世抓住，受命去寻找传说中的“不老泉”，与他一同前往的还有他的老朋友，已经被招安了的巴博萨船长。然而这趟航程出师不顺，杰克船长遇到了他的老情人安洁丽卡，他不清楚她究竟是真的爱自己，还是在利用他寻找&quot;不老泉&quot;。不过杰克还是被迫上了她的贼船，和她的父亲——臭名昭著、令人不寒而栗的海盗“黑胡子”一起展开了前途叵测的冒险。几位各自心怀鬼胎的主角在这趟混杂着海盗、军队、僵尸、美人鱼的旅程中勇往直前，一起向着不老泉出发。 杰克船长 （ 约翰尼·德普 饰）发现令人闻风丧胆的萨拉查船长 （哈维尔·巴登饰）竟率领着一众夺命亡灵水手逃出了百慕大三角区。他们扬言要杀尽世上所有的海盗 ，头号目标就是杰克船长。要想改写命运，杰克船长唯一的希望就是找到传说中海神波塞冬的三叉戟，拥有它就能拥有统治整个海洋的力量。为了寻获这件神器，杰克船长被迫和聪明美丽的天文学家卡琳娜·史密斯 （ 卡雅·斯 考达里奥 饰）以及固执的年轻皇家海军亨 利（布兰顿·思怀兹饰）联手出击。航行着他那破破烂烂的“黑珍珠”号，杰克船长不但决心要改变自己的厄运，同时也力求能从史上最狠毒可怕的敌人那里捡回一条命。
20,教父2,The Godfather: Part Ⅱ,弗朗西斯·福特·科波拉,剧情,1974-12-12,202分钟,暂无,"阿尔·帕西诺,罗伯特·德尼罗,黛安·基顿",9.0,"['第47届奥斯卡金像奖', '第32届金球奖', '第47届奥斯卡金像奖', '第32届金球奖', '第29届英国电影和电视艺术学院奖', '第5届北京国际电影节', '第27届美国导演工会奖']",在西西里，少年时代的维托为报父仇 （罗伯特·德尼罗饰），袭击了当地黑手党首领唐·乔奇。在母亲的掩护下，维托得以逃脱，并来到了美国。这已经是1901年的事了，第二代教父迈克尔·柯里昂 （阿尔·帕西诺饰）回忆起父亲的青年时代，不由得深深感到了创业的艰辛。迈克和妻子凯 （黛安·基顿饰）为儿子托尼举行了圣餐仪式和庆祝活动。但就在当夜，迈克尔遭到了袭击。面对接管家族后所遇到的种种困难，迈克尔又回忆起了父亲唐·维托到美国后的“奋斗”历程。 　　迈克尔一步步进行着复仇。同时他也在不断拓展家族的势力。通过与吉 尔参议员勾心斗角的明争暗斗，迈克尔终于又控制住了一家大饭店，并开展了赌博生意。就在迈克尔扩大家族的势力时，一名叫罗斯（ 李·斯特拉斯伯格饰）的黑道人物又闯了进来，企图占领迈克尔的地盘。双方在暗地里展开了较量。迈克尔不满足于在国内已有的势力，他的手又伸到了古巴。然而革命的爆发却使他的计划受到了严重的挫折。 　　罗斯收买了迈克尔的哥哥弗雷多 （约翰·凯泽尔饰）为他提供情报，企图暗杀迈克尔。但迈克尔也已对罗斯采取了暗杀行动。迈克尔含泪处置了弗雷多，却不禁回忆起当年父子兄弟间其乐融融的情景。迈克尔的不法行为终究为他招来了麻烦。政府展开了对他的调查。迈克尔受到了一系列的指控。然而借助权术，迈克尔又一次转危为安，逃脱了法律的制裁。 　　迈克尔成功地对付了政府的调查，但他的妻子凯却再也受不了这种充满了暴力、暗杀和罪恶的生活。她去做了人工流产，含泪离开了迈克尔。亲人的离去和兄长的背叛使迈克尔深受打击。金钱和权势并未给迈克尔带来幸福。他孤独地坐在湖边的住宅外，茫然地望着远方  。
21,楚门的世界,The Truman Show,彼得·威尔,剧情,1998,103分钟,暂无,"金·凯瑞,劳拉·琳妮,诺亚·艾默里奇",8.9,"['第71届奥斯卡金像奖', '第56届金球奖', '第71届奥斯卡金像奖', '第56届金球奖', '第11届欧洲电影奖', '第52届英国电影和电视艺术学院奖', '第8届MTV电影奖', '第25届土星奖', '第51届美国导演工会奖']",30年前奥姆尼康电视制作公司收养了一名婴儿，他们刻意培养他使其成为全球最受欢迎的纪实性肥皂剧《楚门的世界》中的主人公，公司为此取得了巨大的成功。然而这一切却只有一人全然不知，他就是该剧的唯一主角——楚门。楚门从小到大一直生活在一座叫桃源岛的小城 （实际上是一座巨大的摄影棚），他是这座小城里的一家保险公司的经纪人，楚门看上去似乎过着与常人完全相同的生活，但他却不知道生活中的每一秒钟都有上千部摄像机在对着他，每时每刻全世界都在注视着他，更不知道身边包括妻子和朋友在内的所有人都是《楚门的世界》的演员。虽然感觉到每个人似乎都很注意他，而且从小到大所做的每一件事却都有着一些意想不到的戏剧性的效果， 但这些都没有使这位天性淳朴的小伙子太过于在意。可节目的制作组由于一时的疏忽，竟让在楚门小时候因他而“死”的“父亲”再次露面，“父亲”立即被工作人员带走，直到楚门悲痛万分开始怀疑后他们编织了一个完美的谎言让他们“父子”相见，从而达到他们满意的效果。多年前一位既是《楚门的世界》的忠实观众又是该节目群众演员的年轻姑娘施维亚十分同情楚门，楚门对她一见钟情。她给了楚门一些善意的暗示，自己却被强行带离片场。回忆起施维亚的楚门开始重新认识自己的生活。渐渐地楚门发现他工作的公司每一个人都在他出现后才开始真正的工作，他家附近的路上每天都有相同的人和车在反复来往，更让他不敢相信的是，自称是医生并每天都去医院工作的妻子竟不是医生。楚门开始怀疑他所生活的这个世界，包括他妻子、朋友、父亲等所有的人都在骗他，一种发自内心的恐惧油然而生。痛定思痛，他决定不惜一切代价逃出海景这个令他噤若寒蝉的小城，去寻找属于自己真正的生活和真正爱他的人。然而，楚门却低估了集这个肥皂剧的制作人、导演和监制大权于一身的克里斯托弗的力量。克里斯托弗将一切都设计得近乎完美，近30年里牢牢地把楚门控制在海景的超现实世界之中。几次逃脱都失败后，楚门决定从海上离开这座小城，然而他却绝望地发现他面前的大海和天空竟然也是这个巨大摄影棚的一部分，这时克里斯托弗在天上巨大的控制室里向楚门讲述了事情的来龙去脉，并告诉楚门他如今已经是世界上最受欢迎的明星，他今天所取得的一切是常人无法想象的，如果他愿留在海景就可继续明星生活，楚门不为所动，毅然走向远方的自由之路  。
22,无间道,Infernal Affairs,刘伟强,剧情,2003-09-05,101分钟,2万,"刘德华,梁朝伟,黄秋生",9.1,"['第22届香港金像奖', '第40届台湾电影金马奖', '第22届香港金像奖', '第40届台湾电影金马奖', '第10届华语电影传媒大奖', '第4届华语电影传媒大奖', '第3届华语电影传媒大奖', '第46届日本电影蓝丝带奖', '第9届香港电影评论学会大奖']",1991年，18岁的三合会会员刘建明 （ 刘德华 饰）听从大哥韩琛 （ 曾志伟 饰）的指示进入警校学习，成为警方卧底。而同时警校中的另一名学生陈永仁 （ 梁朝伟 饰），受警方安排表面上将其强迫退学，实际上则是让他进入三合会当卧底。刘建明从警校毕业后顺利的进入警局，并且职位步步高升，已成为刑事情报科A队的一员，在此期间他利用各种机会为韩琛提供了大量的情报。而陈永仁在这些年以来已经得到了韩琛的初步信任，但由于韩琛的案件始终没有破，他永远只能呆在黑帮，只有黄警督 （ 黄秋生 饰）与他单线联系。2002年的一个晚上，根据陈永仁卧底情报，获知一批毒品即将交易，而交易的一方为韩琛，但由于当时刘建明及时将消息传给了韩琛使其成功逃脱，不过因此双方发现各自的内部俱有“内鬼”，于是一场激烈的角斗由此展开。在最后的结局中，双方“内鬼”都认出了自己的身份，不过刘建明抢先一步，已经将陈永仁在警察局的档案删除，但在删除之前，保留了一个备份，密码是女朋友Mary的生日。经过深思，刘建明决定做一个好人，请求陈永仁给他一次机会，陈永仁没有信，拷上了刘建明。最后陈永仁死在了韩琛的另一个警方卧底枪下，刘建明也杀死了那个开枪的卧底  。
23,蝙蝠侠：黑暗骑士,The Dark Knight,克里斯托弗·诺兰,剧情,2008-07-14,152分钟,暂无,"克里斯蒂安·贝尔,希斯·莱杰,阿伦·伊克哈特",9.3,"['第81届奥斯卡金像奖', '第66届金球奖', '第81届奥斯卡金像奖', '第66届金球奖', '第62届英国电影和电视艺术学院奖', '第32届日本电影学院奖', '第23届西班牙戈雅奖', '第18届MTV电影奖', '第35届人民选择奖', '第35届土星奖', '第12届好莱坞电影奖', '第51届日本电影蓝丝带奖', '第48届美国剪辑工会奖', '第73届纽约影评人协会奖', '第61届美国导演工会奖', '第15届美国演员工会奖', '第9届美国电影学会奖', '第33届报知映画赏']",从亲眼目睹父母被人杀死的阴影中走出来的“蝙蝠侠”，经历了成长之后，已经不再是那个桀骜不的孤单英雄了。在警官吉姆·戈登和检查官哈维·登特的通力帮助下，“蝙蝠侠”无后顾之忧地继续满世界的奔波，与日益增长起来的犯罪威胁做着永无休止的争斗，而他所在的高谭市，也是进展最为明显的地方，犯罪率以一种惊人的速度持续下降着，毕竟对方是能够上天入地的“蝙蝠侠”，不借两个胆子谁还敢造次呢？不过像高谭这种科技与污秽并存的城市，平静是不可能维持太久的，果不其然，新一轮的混乱很快就席卷了整个城市，人们再一被被恐慌所笼罩着，而声称愿意为这一切负责的，自然就是所有混乱的源头以及支配者--“小丑”了。先不管“小丑”掀起一个又一个犯罪的狂潮的最终目的为何，他的企图都是邪恶的，所作所为更是早就危害到了高谭市民的正常生活……其中自然包括了“蝙蝠侠”身边几个非常重要的人，而他需要做的，就是将这股新的危机全部亲自用手捏得粉碎。然而在面对着这个有史以来最具针对性、最恶毒的对手时，“蝙蝠侠”却不得不从他的地下军械库里搬出每一件能够用得上的高科技武器，还得时刻纠结着为他曾经信仰的一切寻找答案。
24,射雕英雄传之东成西就,The Eagle Shooting Heroes,刘镇伟,喜剧,1993-02-05,113分钟,暂无,"张国荣,梁朝伟,张学友",8.9,[],金轮国奸妃与表哥有染，遂先下手为强，杀国王取玉玺，以图霸占江山。久战后，欧阳锋打伤保管玉玺的三公主，但始终被她逃脱。经胡涂国师查得三公主下落，欧阳锋即乘火箭金靴追赶，却误脱落一靴插死刚出关的，三公主适逢路过，王恳求她找其师弟代为报仇。三公主得指点，并由真人徒弟陪同往取九阴真经，以复国报仇；却惹来小师妹妒忌。二人取经失败，在大东客栈与相遇，原来段王爷与三公主自幼谊亲，但他乃罗汉托世，要断绝情爱，并找得真心人才能成仙。其后，周伯通赶来，误以为三公主杀其师兄，后因练“”走火入魔，神志不清，三公主假扮成王重阳，使得周伯通重新振作起来，继续寻找凶手。段王爷发现黄药师乃梦寐以寻的真心人，最后假扮三公主引东邪说声“我爱你”而得偿所愿。一群人在丹霞山上交手后，欧阳锋得到了回国修炼，大家在国师的带领下与其决此一战，最后在已成仙的段王爷帮助下，打败了欧阳锋。
25,指环王1：护戒使者,The Lord of the Rings: The Fellowship of the Ring,彼得·杰克逊,剧情,2002-04-04,178分钟,5620万,"伊莱贾·伍德,伊恩·麦克莱恩,丽芙·泰勒",9.0,"['第74届奥斯卡金像奖', '第59届金球奖', '第74届奥斯卡金像奖', '第59届金球奖', '第55届英国电影和电视艺术学院奖', '第26届日本电影学院奖', '第2届北京国际电影节', '第11届MTV电影奖', '第39届人民选择奖', '第29届人民选择奖', '第38届土星奖', '第29届土星奖', '第28届土星奖', '第4届青少年选择奖', '第41届美国剪辑工会奖', '第54届美国导演工会奖', '第8届美国演员工会奖', '第73届美国国家评论协会奖', '第2届美国电影学会奖']",比尔博·巴金斯（伊安·霍姆 饰）是100多岁的霍比特人，住在故乡夏尔，生性喜欢冒险，在年轻时的一次探险经历中，他从怪物咕噜手中得到了至尊魔戒，这枚戒指是黑暗魔君索伦打造的至尊魔戒，拥有奴役世界的邪恶力量，能够统领其他几枚力量之戒，在3000年前的人类联盟和半兽人大军的战役中，联盟取得了胜利，并得到了至尊魔戒，数千年的辗转后，魔戒落到咕噜手中，被比尔博碰巧得到。 因为和魔戒的朝夕相处，比尔博的心性也受到了影响，在他111岁的生日宴会上，他决定把一切都留给侄子弗罗多（伊利亚·伍德 饰），继续冒险。 比尔博的好朋友灰袍巫师甘道夫（伊恩·麦克莱恩 饰）知道至尊魔戒的秘密，同时，黑暗魔君索伦已经知道他的魔戒落在霍比特人的手中。索伦正在重新集结无数的半兽人，准备以大军夺取魔戒，征服世界。 甘道夫说服弗罗多将魔戒护送到精灵王国瑞文戴尔，弗罗多在好朋友山姆、皮平和梅利的陪同下，在跃马旅店得到了刚铎王子阿拉贡（维果·莫特森 饰）的帮助，历经艰难，终于到达了精灵王国。 然而，精灵族并不愿意保管这个邪恶的至尊魔戒，中土各国代表开会讨论，达成意见，准备将至尊魔戒送到末日山脉的烈焰中彻底销毁，弗罗多挺身而出接受了这个任务，这次，陪伴他的除了三个好朋友，还有甘道夫、阿拉贡、精灵莱格拉斯（奥兰多·布鲁姆 饰）、人类博罗米尔、矮人金雳。 一路上，护戒使者们除了要逃避戒灵和半兽人的追杀之外，更要抵抗至尊魔戒本身的邪恶诱惑，前途困难重重。
26,天堂电影院,Nuovo Cinema Paradiso,朱塞佩·托纳多雷,剧情,1988-11-17,155分钟,暂无,"菲利浦·诺瓦雷,赛尔乔·卡斯特利托,蒂兹亚娜·罗达托",9.2,"['第62届奥斯卡金像奖', '第42届戛纳电影节', '第62届奥斯卡金像奖', '第42届戛纳电影节', '第41届戛纳电影节', '第47届金球奖', '第2届欧洲电影奖', '第44届英国电影和电视艺术学院奖', '第14届日本电影学院奖', '第4届北京国际电影节', '第34届意大利大卫奖', '第55届纽约影评人协会奖', '第43届美国导演工会奖']",意大利南部小镇，古灵精怪的小男孩多多（萨瓦特利·卡西欧 饰）喜欢看电影，更喜欢看放映师艾佛特（菲利浦·诺瓦雷 饰）放电影，他和艾佛特成为了忘年之交，在胶片中找到了童年生活的乐趣。 好心的艾佛特为了让更多的观众看到电影，搞了一次露天电影，结果胶片着火了，多多把艾弗达从火海中救了出来，但艾弗达双目失明。多多成了小镇唯一会放电影的人，他接替艾佛特成了小镇的电影放映师。多多（马克·莱昂纳蒂 饰）渐渐长大，他爱上了银行家的女儿艾莲娜（艾萨·丹尼埃利 饰）。初恋的纯洁情愫美如天堂，但是一对小情侣的海誓山盟被艾莲娜父亲的阻挠给隔断了，托托去服兵役，而艾莲娜去念大学。伤心的多多在艾佛特的鼓励下，离开小镇，追寻自己生命中的梦想……    30年后，艾佛特去世，此时的多多已经是功成名就的导演，他回到了家乡，看到残破的天堂电影院，追忆往昔，唏嘘不已。多多意外地遇见了艾莲娜，往日种种，真相大白，他们如何面对彼此？
27,指环王2：双塔奇兵,The Lord of the Rings: The Two Towers,彼得·杰克逊,剧情,2003-04-25,179分钟,2400万,"伊莱贾·伍德,伊恩·麦克莱恩,丽芙·泰勒",9.1,"['第75届奥斯卡金像奖', '第60届金球奖', '第75届奥斯卡金像奖', '第60届金球奖', '第56届英国电影和电视艺术学院奖', '第27届日本电影学院奖', '第2届北京国际电影节', '第12届MTV电影奖', '第30届人民选择奖', '第38届土星奖', '第30届土星奖', '第29届土星奖', '第5届青少年选择奖', '第42届美国剪辑工会奖', '第55届美国导演工会奖', '第9届美国演员工会奖', '第3届美国电影学会奖']",第一部结尾，博罗米尔被强兽人杀死之后，两个哈比族人皮平和梅利也被强兽人绑架，阿拉贡（维果·莫特森 饰）、莱格拉斯（奥兰多·布鲁姆 饰）、金雳一路追踪强兽人，营救皮平和梅利，遇到了“复活”的白袍巫师甘道夫（伊恩·麦克凯伦 饰）。此时，投降索伦的白袍巫师萨鲁曼控制了人类洛汗王国的王，并派出大量的强兽人军队，准备消灭人类。阿拉贡、莱格拉斯和金雳在甘道夫的带领下，帮助洛汗王国对抗邪恶力量的入侵。 幸运的皮平和梅利被会说话的树人救了出来，并且遇到“复活”的甘道夫，在甘道夫的授意下，树人保护了两人的安全，并且带他们参加树人大会，大会上，树人们讨论对待中土大战的态度：是继续当中立者，逆来顺受，还是奋起反抗？ 身负重任的弗罗多（伊利亚·伍德 饰）和山姆继续向末日山前进，一路上被咕噜跟踪，弗罗多依靠至尊魔戒的力量，成为了咕噜的主人，在咕噜的带领下，他们到了末日山的入口黑门。就在他们准备进入之时，博罗米尔的弟弟法拉米尔出现，将他们带回了刚铎。弗罗多又遇上了新的危机：法拉米尔想利用至尊魔戒的力量对抗萨鲁曼的攻击……
28,机器人总动员,WALL·E,安德鲁·斯坦顿,喜剧,2008-06-27,98分钟,暂无,"本·贝尔特,艾丽莎·奈特,杰夫·格尔林",9.3,"['第81届奥斯卡金像奖', '第66届金球奖', '第81届奥斯卡金像奖', '第66届金球奖', '第62届英国电影和电视艺术学院奖', '第61届英国电影和电视艺术学院奖', '第36届安妮奖', '第4届北京国际电影节', '第35届人民选择奖', '第35届土星奖', '第54届意大利大卫奖', '第12届好莱坞电影奖', '第48届美国剪辑工会奖', '第73届纽约影评人协会奖', '第9届美国电影学会奖']",公元2700年，地球早就被人类祸害成了一个巨大的垃圾场，已经到了 无法居住的地步，人类只能大举迁移到别的星球，然后委托一家机器人垃圾清理公司善后，直至地球的环境系统重新达到生态平衡。在人类离开之后，垃圾清理公司将机器人瓦力成批地输送到地球，并给他们安装了惟一的指令——垃圾分装，然而随着时间的推移，机器人一个接一个地坏掉，最后只剩下惟一的一个，继续在这个似乎已经被遗忘了的角落，勤勤恳恳地在垃圾堆中忙碌着，转眼就过去了几百年的时间，寂寞与孤独变成了围绕着他的永恒的主题。然而，一艘突然而至的宇宙飞船打破了这里的平静，它还带来了专职搜索任务的机器人伊娃，当瓦力经历了几百年的孤独，终于见到了另一个机器人时，他觉得自己好像爱上她了，伊娃在经过了反复搜索和精确的计算之后，找到了地球开始复苏的证据：一株绿色植物，她通过宇宙飞船将自己的发现报告给人类，收到了将绿色植物带离地球的指令——人类正想尽办法重回地球，所以他们不会放弃任何可能的机会。于是瓦力追随着伊娃，展开了一次穿越整个 银河系、最令人兴奋、也是最具有想象力的奇幻旅程  。
29,活着,To Live,张艺谋,剧情,1994-05-17,132分钟,233万美元,"葛优,巩俐,牛犇",9.0,"['第47届戛纳电影节', '第46届戛纳电影节', '第47届戛纳电影节', '第46届戛纳电影节', '第52届金球奖', '第48届英国电影和电视艺术学院奖']",福贵 （葛优饰）是一个嗜赌如命的纨绔子弟，把家底儿全输光了，老爹也气死了 ，怀孕的妻子家珍 （巩俐饰）带着女儿凤霞离家出走，一年之后又带着新生的儿子有庆回来了。福贵从此洗心革面，和同村的春生一起操起了皮影戏的营生，却被国民党军队拉了壮丁，后来又糊里糊涂的当了共产党的俘虏。他们约定，一定要活着回去。历尽千辛万苦，终于平安回到家中，母亲却已去逝，女儿凤霞也因生病变哑了。一家人继续过着清贫而又幸福的日子。在“大跃进”中当上区长的春生不慎开车撞死了有庆，一家人伤痛欲绝，家珍更是不能原谅春生 （郭涛饰），文革时，春生遭到迫害，妻子自杀，一天半夜他来到福贵家，把毕生积蓄交给福贵，说他也不想活了。这时家珍走出来让春生到屋里坐。春生临走时，家珍嘱咐他好好的活着。 　　后来凤霞认识了忠厚老实的二喜，两人喜结良缘。然而不幸总是不肯放过福贵一家。不久凤霞生下一子，自己却因难产而死。凤霞的儿子取名叫馒头，聪明可爱。最后，福贵说馒头赶上好时候了，将来这日子会越来越好  。
30,狮子王,The Lion King,罗杰·阿勒斯,动画,1995-07-15,89分钟,14万,"马修·布罗德里克,尼基塔·卡兰姆,詹姆斯·厄尔·琼斯",8.8,"['第67届奥斯卡金像奖', '第52届金球奖', '第67届奥斯卡金像奖', '第52届金球奖', '第57届英国电影和电视艺术学院奖', '第48届英国电影和电视艺术学院奖', '第22届安妮奖', '第2届北京国际电影节', '第4届MTV电影奖', '第30届土星奖', '第21届土星奖']",辛巴是荣耀国的小王子，他的父亲木法沙是一个威严的国王。然而叔叔刀疤却对木法沙的王位觊觎已久。要想坐上王位宝座，刀疤必须除去小王子，于是，刀疤利用种种借口让辛巴外出，然后伺机让鬣狗军团大开杀戒，无奈被木法沙及时来救。后来，在反复的算计下，木法沙惨死在刀疤手下；事后，刀疤别有用心的劝辛巴离开，一方面派鬣狗将他赶尽杀绝，但辛巴却逃出生天。辛巴逃亡中遇到了机智的丁满和善良的彭彭，他们见证了辛巴长成雄壮的大狮子。不久，辛巴意外遇上了少年时的玩伴娜娜，娜娜告知辛巴荣耀国遭遇灾难并鼓励他回去复国，但辛巴却不愿意。后来在法师拉飞奇的引导下，辛巴和父亲的英灵会面并下决心复国。在接下来一场复国救民的斗争中，辛巴领会了责任的真谛，并在朋友和亲人的帮助下获得胜利  。
31,拯救大兵瑞恩,Saving Private Ryan,史蒂文·斯皮尔伯格,剧情,1998-11-13,169分钟,暂无,"汤姆·汉克斯,马特·达蒙,汤姆·塞兹摩尔",8.9,"['第71届奥斯卡金像奖', '第56届金球奖', '第71届奥斯卡金像奖', '第56届金球奖', '第11届欧洲电影奖', '第52届英国电影和电视艺术学院奖', '第22届日本电影学院奖', '第24届法国电影凯撒奖', '第8届MTV电影奖', '第25届土星奖', '第38届美国剪辑工会奖', '第63届纽约影评人协会奖', '第51届美国导演工会奖', '第5届美国演员工会奖']",第二次世界大战后期，德军东部战场正打得不可开交，英美联军则于1944年6月6日在法国的 诺曼底大区开始进行大军团的全面登陆，试图从西部直取德军总部柏林，而在地面部队的登陆作战之前，部分分队已经空降到了远离诺曼底的法国内陆地区，试图在破坏骚扰德军的部署能力之后再与登陆的部队集结，以便于进一步进行大规模的组织进攻。二等兵詹姆斯·瑞恩（ 马特·达蒙 饰演）所在的部队就被远远地抛离到了德军前线的后方。詹姆斯·瑞恩是家中四兄弟的老末，他的三名兄长皆已于两周内陆续在各地战死。美国作战总指挥部的将领在得知该消息之后，为了不让这位不幸的母亲再承受丧子之痛，决定派一支特别小分队，将她仅存的儿子安全地救出战区。该拯救小组的任务就落在了刚刚完成登陆任务的 约翰·米勒上尉（ 汤姆·汉克斯 饰演）身上，而米勒上尉和他的部队刚刚经历过 奥马哈海滩登陆战的惨烈激战，伤亡很大，此时米勒已经顾不上闲暇歇息，而必须组建一支小队即刻出发开始拯救任务，他匆匆地挑选了几位身边较为优秀的士兵，然后又临时从别的部队征召了几名专业兵种，在别的部队还在原地休整的时候，米勒的八人小队又开始长驱直入敌方占领地带，在茫茫未知的广阔地域中寻找一名叫瑞恩的士兵的征途。当小分队的士兵们陷入敌区，各种困难和危险相继扑面而来，人力和装备的严重不足，对语言与地形的不熟悉，还有路边墙角随时可能埋伏着的危险的敌人，面对身边的战友们一个个相继倒下去，他们逐渐开始怀疑这项任务的合理性，但是，尽管他们心存疑惑，他们还是坚决执行上级的命令。 而拯救的旅程也像是一条通往死亡的道路。经历过千难万险之后，小分队终于在某处激战正酣的地带找到了这名士兵瑞恩，然而抱有强烈意志与责任感的瑞恩并不愿意与米勒一起离开战场，此时前方有大量敌人正在接近，大战一触即发，瑞恩与米勒还有所有的战友们都将经历一次更为严峻的考验  。
32,盗梦空间,Inception,克里斯托弗·诺兰,剧情,2010-09-01,148分钟,4.62亿,"莱昂纳多·迪卡普里奥,渡边谦,约瑟夫·高登-莱维特",9.2,"['第83届奥斯卡金像奖', '第68届金球奖', '第83届奥斯卡金像奖', '第68届金球奖', '第64届英国电影和电视艺术学院奖', '第34届日本电影学院奖', '第36届法国电影凯撒奖', '第20届MTV电影奖', '第37届人民选择奖', '第37届土星奖', '第56届意大利大卫奖', '第55届意大利大卫奖', '第12届青少年选择奖', '第14届中国电影华表奖', '第15届好莱坞电影奖', '第14届好莱坞电影奖', '第84届日本电影旬报奖', '第50届美国剪辑工会奖', '第63届美国导演工会奖', '第17届美国演员工会奖', '第11届美国电影学会奖', '第9届华盛顿影评人协会奖', '第23届芝加哥影评人协会奖', '第10届凤凰城影评人协会奖', '第44届堪萨斯影评人协会奖', '第31届波士顿影评人协会奖', '第19届东南影评人协会奖', '第15届圣地亚哥影评人协会奖']",影片讲述了以道姆·科布为首的盗梦团队为执行拆解费舍尔集团企业的目的，进入集团继承人意识中进行植梦的过程。道姆·科布（莱昂纳多·迪卡普里奥 饰）与同事阿瑟（约瑟夫·戈登-莱维特 饰）和纳什（卢卡斯·哈斯 饰）在一次针对日本能源大亨齐藤（渡边谦 饰）的盗梦行动中失败，反被齐藤利用。齐藤威逼利诱因遭通缉而流亡海外的柯布帮他拆分他竞争对手的公司，采取极端措施在其唯一继承人罗伯特·费舍尔（希里安·墨菲 饰）的深层潜意识中种下放弃家族公司、自立门户的想法。为了重返美国，柯布偷偷求助于岳父迈尔斯（迈克尔·凯恩 饰），吸收了年轻的梦境设计师艾里阿德妮（艾伦·佩吉 饰）、梦境演员艾姆斯（汤姆·哈迪 饰）和药剂师约瑟夫（迪利普·劳 饰）加入行动。在层层递进的梦境中，柯布不仅要对付费希尔潜意识的本能反抗，还必须直面已逝妻子梅尔（玛丽昂·歌迪亚 饰）的处处破坏，实际情况远比预想危险得多……
33,忠犬八公的故事,Hachi: A Dog&#39;s Tale,拉斯·霍尔斯道姆,剧情,2009-06-13,93分钟,暂无,"Forest,理查·基尔,琼·艾伦",9.2,[],八公（Forest饰）是一条谜一样的犬，因为没有人知道它从哪里来。教授帕克（理查·基尔RichardGere饰）在小镇的火车站拣到一只走失的小狗，冥冥中似乎注定小狗和帕克教授有着某种缘分，帕克一抱起这只小狗就再也放不下来，最终，帕克对小狗八公的疼爱感化了起初极力反对养狗的妻子卡特（琼·艾伦JoanAllen饰）。八公在帕克的呵护下慢慢长大，帕克上班时八公会一直把他送到车站，下班时八公也会早早便爬在车站等候，八公的忠诚让小镇的人家对它更加疼爱。有一天，八公在帕克要上班时表现异常，居然玩起了以往从来不会的捡球游戏，八公的表现让帕克非常满意，可是就是在那天，帕克因病去世。帕克的妻子、女儿安迪（萨拉·罗默尔SarahRoemer饰）及女婿迈克尔（罗比·萨布莱特RobbieSublett饰）怀着无比沉痛的心情埋葬了帕克，可是不明就里的八公却依然每天傍晚五点准时守候在小站的门前，等待着主人归来……本片根据上个世纪30年代发生在日本的真实故事改编，1987年在日本拍成电影后创造了40亿日元的票房。
34,哈尔的移动城堡,ハウルの動く城,宫崎骏,动画,2004-09-05,119分钟,暂无,"倍赏千惠子,木村拓哉,美轮明宏",8.9,"['第78届奥斯卡金像奖', '第61届威尼斯电影节', '第78届奥斯卡金像奖', '第61届威尼斯电影节', '第25届香港金像奖', '第33届安妮奖', '第32届土星奖', '第9届好莱坞电影奖', '第70届纽约影评人协会奖']",18岁的 苏菲和继母以及妹妹居住在欧洲的一个小镇中，自从父亲死后，继母凡妮就把女儿们安排到原本由父亲经营的制帽小店营生，但是苏菲的妹妹却对这并不感兴趣，于是她很快离开了制帽店；而苏菲则坚持留了下来，因为这是父亲的最爱。一次，苏菲在看望妹妹的路上，被两个士兵截住。这个时候一个神秘男子—— 哈尔出现了，他用魔法帮助苏菲解决了问题，并送她去妹妹处。途中哈尔和苏菲受到了荒野女巫的追捕。当晚， 荒野女巫出现在了苏菲经营的制帽小店中，并对苏菲下了诅咒，把她变成了一个90岁的老太太，而苏菲还不能对任何人透露咒语内容。于是苏菲只能离家出走。途中她偶然遇见了神秘的稻草人芜菁，为了躲避大风，被引进了神秘的哈尔移动城堡。在那里，苏菲结识了驱使城堡移动的魔力来源——火焰恶魔卡西法，小男孩 马鲁克，稻草人卡普以及男主人公哈尔。苏菲以清洁妇的名义住了下来，度过了一段平静美妙的日子。苏菲逐渐活出了自己，并不知不觉地被哈尔吸引。城堡的主人魔法师哈尔拥有神奇的力量，但他并没有像这个国家所有的魔法师一样接受国王的号令参加战争，而是用自己的力量捍卫和平。哈尔常常在黄昏后才精疲力尽地回到自己的城堡，并也因此越来越深陷，将变成恶魔状态。直到有一天，哈尔对苏菲说出了自己厌恶战争的心声，苏菲决定帮助哈尔。在去王宫的路上，苏菲遇到了荒野女巫。原来这是个陷阱，宫廷女巫莎莉曼虽然是哈尔与荒野女巫的老师，但为了防止他们的心性被恶魔控制，收回了荒野女巫的的魔法，让她变成了一个普通的老婆婆，而哈尔也因为放心不下苏菲来到了王宫，当莎莉曼使出魔法要杀死卡西法收回哈尔的魔法时，苏菲冲了上来救了哈尔。战争终于全面爆发，哈尔为了保护苏菲和大家，一人独自面对敌人。内心爱着哈尔的苏菲不忍让哈尔一人受难，决心与哈尔一同面对。于是，她驱使着移动城堡追寻哈尔的足迹。而此时的哈尔，已经渐渐失去了意识，变成了一只只会战斗保护苏菲的怪鸟。经过了这一连串事故后，偶然间苏菲通过戒指的指引发现了随意门并回到了哈尔的过去，并且了解到哈尔在童年时在流星结束生命的地方遇到了流星卡西法，而后者不愿就这样死去便与哈尔签定了契约，让火之恶魔卡西法的魔力为他所用，但是哈尔自己的心脏也将成为这个契约的交换品，将卡西法与哈尔的生命联系在一起。故事的最后，苏菲拯救了奄奄一息的哈尔，破除了哈尔与卡西法之间的约定并且帮助哈尔找回了自己心脏，同时自己身上的诅咒也被解除，而稻草人卡普在苏菲的亲吻下也摆脱了复杂的诅咒——原来他就是邻国王子，并且答应回国后就停止战争。虽然摆脱了契约的束缚，卡西法仍然留恋和他们在一起的生活，于是在它的驱使下，会飞的移动城堡搭载着苏菲与哈尔一行，过上了和平而幸福的生活  。
35,阿凡达,Avatar,詹姆斯·卡梅隆,动作,2010-01-04,162分钟,13.40亿,"萨姆·沃辛顿,佐伊·索尔达娜,米歇尔·罗德里格兹",9.0,"['第82届奥斯卡金像奖', '第67届威尼斯电影节', '第82届奥斯卡金像奖', '第67届威尼斯电影节', '第67届金球奖', '第63届英国电影和电视艺术学院奖', '第34届日本电影学院奖', '第35届法国电影凯撒奖', '第5届北京国际电影节', '第19届MTV电影奖', '第36届土星奖', '第12届青少年选择奖', '第14届中国电影华表奖', '第49届美国剪辑工会奖', '第75届纽约影评人协会奖', '第74届纽约影评人协会奖', '第62届美国导演工会奖', '第22届芝加哥影评人协会奖', '第35届报知映画赏', '第9届凤凰城影评人协会奖', '第14届圣地亚哥影评人协会奖', '第5届华鼎奖']",战斗中负伤而下身瘫痪的前海军战士杰克·萨利（萨姆·沃辛顿 饰）决定替死去的同胞哥哥来到潘多拉星操纵格蕾丝博士（西格妮·韦弗 饰）用人类基因与当地纳美部族基因结合创造出的 “阿凡达” 混血生物。杰克的目的是打入纳美部落，外交说服他们自愿离开世代居住的家园，从而SecFor公司可砍伐殆尽该地区的原始森林，开采地下昂贵的“不可得”矿。在探索潘多拉星的过程中，杰克遇到了纳美部落的公主娜蒂瑞（佐伊·索尔达娜 饰），向她学习了纳美人的生存技能与对待自然的态度。与此同时，SecFor公司的经理和军方代表上校迈尔斯（史蒂芬·朗 饰）逐渐丧失耐心，决定诉诸武力驱赶纳美人……
36,疯狂原始人,The Croods,柯克·德·米科,喜剧,2013-04-20,98分钟,3.95亿,"尼古拉斯·凯奇,艾玛·斯通,瑞安·雷诺兹",9.5,"['第86届奥斯卡金像奖', '第71届金球奖', '第86届奥斯卡金像奖', '第71届金球奖', '第66届英国电影和电视艺术学院奖', '第41届安妮奖', '第25届美国制片人工会奖', '第19届评论家选择奖', '第12届华盛顿影评人协会奖', '第50届美国声音效果协会奖', '第61届美国音效剪辑协会奖', '第12届美国视觉效果协会奖', '第18届圣地亚哥影评人协会奖', '第18届金卫星奖']",原始人克鲁德一家六口在老爸瓜哥（尼古拉斯·凯奇 配音）的庇护下生活。每天抢夺鸵鸟蛋为食，躲避野兽的追击，每晚听老爸叙述同一个故事，在山洞里过着一成不变的生活。大女儿小伊（艾玛·斯通  配音）是一个和老爸性格截然相反的充满好奇心的女孩，她不满足一辈子留在这个小山洞里，一心想要追逐山洞外面的世界。没想到世界末日突然降临，山洞被毁，一家人被迫流离失所。展现在他们眼前的是一个崭新绚丽却又充满危险的新世界，四处都是食人鸟兽和叫不出名字的奇怪生物。危机中，他们遇到了游牧部落族人盖（瑞恩·雷诺兹 配音），凭借他超凡的创造力和革新思想，帮助克鲁德一家一次一次躲过重重困难，渐渐取代了老爸的地位，变成克鲁德全家人的偶像，也和小伊暗生情愫。但这个来历不明的神奇男子旅行的目的究竟是神马？在末日来临时，哪里才是一家人的安居之所？就这样，顽固保守的老爸，叛逆的大女儿小伊，神奇男子盖，像小疯狗一样的baby，疯狂老太奶奶，二缺的弟弟，以及温柔的妈妈，一起踏上了寻找新家园的旅途。他们一路上与拳击猴搏斗，与食人花捉迷藏，还差点酿成了森林大火……旅途中，他们与看似凶猛实则很萌的小鳄犬 、鹦鹉虎成为了朋友，一次又一次化险为夷，途中还发明了许多“高科技”产品。一行人在影片中展开了一场闹腾而又惊险的旅程。
37,十二怒汉,12 Angry Men,西德尼·吕美特,剧情,1957-04-13,96分钟,暂无,"亨利·方达,李·科布,马丁·鲍尔萨姆",9.1,"['第30届奥斯卡金像奖', '第7届柏林国际电影节', '第30届奥斯卡金像奖', '第7届柏林国际电影节', '第15届金球奖', '第11届英国电影和电视艺术学院奖', '第10届洛迦诺国际电影节', '第10届日本电影蓝丝带奖', '第33届日本电影旬报奖', '第23届纽约影评人协会奖', '第10届美国导演工会奖']",一个在贫民窟长大的18岁少年因为杀害自己的父亲被告上法庭，证人言之凿凿，各方面的证据都对他极为不利。十二个不同职业的人组成了这个案件的陪审团，他们要在休息室达成一致的意见，裁定少年是否有罪，如果罪名成立，少年将会被判处死刑。十二个陪审团成员各有不同，除了8号陪审员（亨利·方达 饰）之外，其他人对这个犯罪证据如此明确的案子不屑一顾，还没有开始讨论就认定了少年有罪。8号陪审员提出了自己的“合理疑点”，耐心地说服其他的陪审员，不断进行案件重演，在这个过程中，他们每个人不同的人生观也在冲突和较量……
38,搏击俱乐部,Fight Club,大卫·芬奇,剧情,1999-09-10,139分钟,3703万美元,"爱德华·哈里森·诺顿,布拉德·皮特,海伦娜·伯翰·卡特",8.8,"['第72届奥斯卡金像奖', '第9届MTV电影奖', '第72届奥斯卡金像奖', '第9届MTV电影奖']",杰克（爱德华·诺顿 饰）是一个大汽车公司的职员，患有严重的失眠症，对周围的一切充满危机感和憎恨。一个偶然的机会，杰克遇上了卖肥皂的商人泰勒（布拉德·皮特 饰），一个浑身充满叛逆、残酷和暴烈的痞子英雄，并因为自己公寓失火而住进了泰勒破旧不堪的家中。两人因缘际会地成为了好朋友，并创立了“搏击俱乐部”：一个让人们不戴护具而徒手搏击，宗旨在于发泄情绪的地下组织。俱乐部吸引了越来越多的人，逐渐发展成为一个全国性的地下组织，而泰勒也以自己个人的魅力，吸引着那些盲目的信徒。俱乐部的成员们到处滋事打架、大肆破坏，泰勒本人的行为也越来越疯狂。 杰克对于“搏击俱乐部”的现况及泰勒的行为越来越无法忍受，和泰勒发生争执，泰勒离开了他。然而，杰克发现，他走到何处都无法摆脱泰勒的影子，他开始思考：我到底是谁？
39,幽灵公主,もののけ姫,宫崎骏,动画,1998-05-01,134分钟,暂无,"松田洋治,石田百合子,田中裕子",8.9,"['第21届日本电影学院奖', '第28届安妮奖', '第21届日本电影学院奖', '第28届安妮奖', '第27届土星奖', '第40届日本电影蓝丝带奖', '第71届日本电影旬报奖', '第22届报知映画赏']",故事发生在14世纪到16世纪，京都的 室町幕府统治能力薄弱，武家压倒贵族。在文化方面，则无论是贵族还是武家的文化，都受到禅宗的影响。14世纪末期以 金阁寺为代表的 北山文化，15世纪末期以银阁人于是被迫隐居到本州的东北部。在1300年时， 虾夷人已经融入日本社会当中。阿席达卡（アシタカ音译，另译为“飞鸟”）所在的部落 虾夷族位于日本的东北部。一天一个从西方来的邪神要侵略阿席达卡所在的村庄，这个邪神是由受了诅咒的野猪神变成的。眼看邪神步步进逼，阿席达卡挺身而出，虽然后来他打死了野猪神，但是他也因此中了邪神的诅咒，性命难保。为了化解诅咒之谜和拯救自己，阿席达卡听从本村的巫婆的指示去西方查个明白，寻求生路。路上他打听到森林的守护神—— 山兽神可以化解这个魔咒，他就向森林出发。途中他救了两个掉到山谷的运输铁矿石的人，并初次与 珊（另译为桑）相遇，这两个人是 艾伯西（另译为黑帽大人、幻姬大人）的炼铁场的人，艾伯西的铁工场就在森林的附近，为了开采矿石，艾伯西的人破坏森林，攻击森林中保护自己的世界的动物，所以艾伯西与森林中的动物是有仇的，特别是生活在森林里的白狼神（幻姬在森林中运输铁矿石时，白狼神前来阻止，遭艾伯西火枪攻击坠落悬崖。译为莫挪一族）。阿席达卡把这两个人送回去铁工场，在铁工场里，他揭开了野猪神被诅咒之迷：艾伯西用火枪进攻森林，守护森林的野猪神·名护之神就是中了她的火枪弹后因为仇恨而变成邪魔的。阿席达卡还发现艾伯西为了杀掉山兽神，占领森林发明了一种很厉害的火枪。这天夜里，珊来袭击铁工场，她其实是被人类遗弃的由白狼神养大的人类的女儿。珊在敌众我寡的情况下形势危急，阿席达卡却一心要救她，并为此中了一枪，生命危在旦夕。获救的珊开始对阿席达卡充满敌意，但最终被阿席达卡的真诚与勇敢所感动，阿席达卡伤势过重，珊决定带他到森林让 山兽神救活他。山兽神救活了阿席达卡，此时深受人类滋扰的野猪群决意与人类拼死一争拯救自己的家园森林，热爱森林的珊想保护森林的守护者（野猪群），离开了阿席达卡，投入了野猪群与艾伯西跟武士的合军的战斗中。艾伯西他们对此役早有准备，他们的最终目标并不是消灭野猪群，而是以它们为饵，找到麒山兽神消灭麒山兽神。另一方面，在艾伯西带领她的男兵去消灭麒山兽神，她的铁工场受到了天朝武士的攻击，守城的只有女人，在铁工场被攻击得岌岌可危时，阿席达卡来了。原来他在离开了珊以后也受到了朝廷的散兵的攻击。他在铁工场的城外得知艾伯西攻击森林去了，为了拯救山兽神，同时也为了通知艾伯西回来救她的工场，他再次朝森林出发。艾伯西与野猪群的一役，野猪群几乎全军覆灭，只剩野猪神乙事主、珊和白狼神。他们正在边撤边朝山兽神的小岛进发。艾伯西和武士军队为了找到山兽神，他们披上了野猪皮，涂上了野猪血，以掩饰他们人的身份，跟踪撤退的野猪神和珊，快到山兽神的小岛时，军队围住了野猪神和珊，并攻击他们。愤怒的野猪神眼看就要变成邪魔了，而在它身上为救它的珊也将受到牵连，刚赶到的阿席达卡要救珊，却力不从心。眼看形势不可挽回了，这时山兽神超度了野猪神的生命从而制止了野猪神变成邪神，同时阿席达卡在白狼神的帮助下解救了珊。艾伯西却趁机把山兽神射了下来，白狼神见状，奋死一拼咬掉艾伯西的一只胳膊，随后死亡。愤怒的山兽神吸收生命以找回自己的头。阿席达卡和珊为了救森林，终于帮山兽神了它的头。头失而复得的山兽神阳出来时轰然倒地而亡，以自己的死在一瞬间把新的生机重新赋予了大地。拯救了森林后，珊对人类破坏森林的罪行仍无法释怀，她选择回到了林中，阿席达卡尊重珊的选择（此处两人的对话折射出人类和自然的矛盾，仍不能解决），选择以后住在达达拉（铁工厂），会骑着羚角马来看珊，两人在一片盎然的绿色山野中微笑别过  。
40,V字仇杀队,V for Vendetta,詹姆斯·麦克特格,剧情,2005-12-11,132分钟,7051万美元,"娜塔莉·波特曼,雨果·维文,斯蒂芬·瑞",8.8,"['第33届土星奖', '第8届青少年选择奖', '第33届土星奖', '第8届青少年选择奖']",在未来英国的极权统治下，一位名叫伊维（娜塔莉·波特曼 饰）的年轻女子死里逃生，被一名叫V（雨果·维文 饰）的带面具怪人救出，V具有不可思议的战斗能力，其诡计变化多端，手段极其残忍。当他摧毁了伦敦两个标志性建筑并控制了被政府摆布的电视广播以后，一场革命爆发了。市民被煽动，并企图以起义来对抗政府的专治与镇压。不料，伊维意外的得知了V的神秘背景，同时也发现了关于自己的一个巨大真相，给人们带来的正义与自由却把整个社会推向残酷与堕落的深渊。
41,当幸福来敲门,The Pursuit of Happyness,加布里埃莱·穆奇诺,剧情,2008-01-17,117分钟,750万,"威尔·史密斯,贾登·史密斯,坦迪·牛顿",8.9,"['第79届奥斯卡金像奖', '第64届金球奖', '第79届奥斯卡金像奖', '第64届金球奖', '第16届MTV电影奖', '第9届青少年选择奖', '第13届美国演员工会奖']",1981年的旧金山，克里斯·加德纳（ 威尔·史密斯饰）是个聪明的医疗器械推销员，但在次经济萧条时期，他的日子很不好过。每天奔波于各家医院和诊所，但医生们对他的骨密度扫描仪根本不感兴 趣，因为这台仪器要比X光扫描仪贵出两倍。他的妻子琳达( 桑迪·牛顿饰)无法继续忍受这样艰难的生活，撇下他和5岁的儿子克里斯托弗( 贾登·史密斯饰)出走。而加德纳父子二人的背运还没有结束，他们因为缴不起房租而被房东扫地出门，有时甚至要在地铁的卫生间里过夜。克里斯决心转行为有机会获得高收入的证券经纪人，他的努力和智慧打动了证券公司的经理杰·特维斯图(布莱恩·霍维饰)，他通过了初试。而在复试中，尽管出师不利，克里斯不得不穿着粉刷工的衣服来到面试现场，但只读过高中的他决心极大，最终，公司的几位合伙人还是觉得给他一个机会为好，于是，他成为20个实习生之一。此后的半年实习期加德纳父子的生活将更加艰难，因为实习期没有工资，而20个实习生中只有一个能留下来。他们暂时还得依靠那几台骨密度扫描仪过活。
42,放牛班的春天,Les choristes,克里斯托夫·巴拉蒂,剧情,2004-10-16,97分钟,暂无,"热拉尔·朱尼奥,让-巴蒂斯特·莫尼耶,玛丽·布奈尔",8.8,"['第77届奥斯卡金像奖', '第62届金球奖', '第77届奥斯卡金像奖', '第62届金球奖', '第17届欧洲电影奖', '第58届英国电影和电视艺术学院奖', '第30届法国电影凯撒奖', '第20届西班牙戈雅奖', '第50届意大利大卫奖', '第37届卡罗维发利国际电影节']",1949年的法国乡村，音乐家克莱门特（杰勒德·尊诺 饰）到了一间外号叫“塘低”的男子寄宿学校当助理教师。学校里的学生大部分都是难缠的问题儿童，体罚在这里司空见惯，学校的校长（弗朗西斯·贝尔兰德 饰）只顾自己的前途，残暴高压。性格沉静的克莱门特尝试用自己的方法改善这种状况，他重新创作音乐作品，组织合唱团，决定用音乐的方法来打开学生们封闭的心灵。 然而，事情并不顺利，克莱门特发现学生皮埃尔·莫安琦（尚·巴堤·莫里耶 饰）拥有非同一般的音乐天赋，但是单亲家庭长大的他，性格异常敏感孤僻，怎样释放皮埃尔的音乐才能，让克莱门特头痛不已；同时，他与皮埃尔母亲的感情也渐渐微妙起来。
43,末代皇帝,The Last Emperor,贝纳尔多·贝托鲁奇,剧情,1987-10-23,163分钟,4398万美元,"尊龙,陈冲,彼得·奥图尔",8.8,"['第60届奥斯卡金像奖', '第45届金球奖', '第60届奥斯卡金像奖', '第45届金球奖', '第7届中国电影金鸡奖', '第1届欧洲电影奖', '第42届英国电影和电视艺术学院奖', '第12届日本电影学院奖', '第13届法国电影凯撒奖', '第33届意大利大卫奖', '第62届日本电影旬报奖', '第27届美国剪辑工会奖', '第52届纽约影评人协会奖', '第40届美国导演工会奖', '第13届报知映画赏']",1950年的冬天，清王朝废帝溥仪 （尊龙饰），作为战犯从苏联被押回中国。火车抵达中苏边境的满洲里火车站后，溥仪认为此去性命难保，便溜进卫生间企图割腕自杀。中国战犯管理所所长 （英若诚饰）发现情况有异，急敲卫生间的门，敲门声使溥仪陷入了回忆。1908年的一个冬夜，清宫卫队长敲开了醇亲王府的大门，按慈禧太后 （卢燕饰）旨意把3岁的溥仪接进宫中教养，准备接位。 在香烟缭绕的坤宁宫内，即将咽气的慈禧接见了溥仪，告诉他要即日登基。在太和殿上隆重举行登基大典时，溥仪在大臣陈宝琛身上发现了一个装着蝈蝈的小笼子。他对蝈蝈的兴趣显然要超过几千名跪在他脚下的文武大臣。登基之后，溥仪成了世界上最缺少管教、也是最孤独的孩子。溥仪从回忆中惊醒过来。他也被管理所长救起，从此开始了接受审判、接受改造的囚徒生活  。
44,大话西游之月光宝盒,A Chinese Odyssey,刘镇伟,喜剧,2014-10-24,87分钟,1026万,"周星驰,莫文蔚,吴孟达",9.6,"['第15届香港金像奖', '第15届香港金像奖']",话说孙悟空 （周星驰饰）护送唐三藏 （罗家英饰）去西天取经，半路却和牛魔王合谋要杀害唐三藏，并偷走了月光宝盒。观音大士闻讯赶到，欲除掉孙悟空免得危害苍生。唐三藏慈悲为怀，愿以命相换，观音遂令悟空五百年后投胎作人，赎其罪孽。五百年后的一天，五岳山下大漠风沙漫漫，斧头帮来了一个奇怪的女客春三十娘 （蓝洁瑛饰）。众人在二当家 （吴孟达饰）带领下欲行抢劫，反被她制住。匪头至尊宝 （周星驰饰）率众复仇失败，春三十娘勒令群匪找一个脚底有三颗痣的人。晚上至尊宝等欲用迷香加害春三十娘，却令其现出蜘蛛精的真身。至尊宝孤身潜入春的房中，发现多了一个白晶晶 （莫文蔚饰），至尊宝对她一见钟情。二当家夜探二女，查出原来春三十娘是蜘蛛精，白晶晶是白骨精，她们从菩提老祖那里得知唐三藏将会出现在五岳山，为了吃唐僧肉而来。二当家不幸被抓住，春三十娘用移魂大法将其奴化。菩提老祖为了挽回自己的口失来到五岳山，他说明至尊宝是孙悟空转世，至尊宝不相信。白骨精五百年前和孙悟空有一段纠缠不清的恋情，为了救至尊宝打伤了春三十娘，却中 毒受伤。此时牛魔王杀到，二女不敌，挟持至尊宝和二当家回到盘丝洞。春三十娘逼迫白晶晶杀掉至尊宝，反被二人关在机关里。春欲用迷情大法对付宝，又错用在二当家身上。白晶晶和至尊宝逃出后，白的毒发作开始尸变，至尊宝为了白返回盘丝洞，他以知道唐僧下落为由要挟春和他一起去救白晶晶。白早上醒来不见宝，误以为宝不顾她离去，悲愤跳崖，幸为牛魔王所救。至尊宝在盘丝洞找到盘丝大仙留下的月光宝盒，此时牛魔王带白晶晶来到盘丝洞。白以为春和二当家生下的孩子是她和至尊宝所生，愤而自刎。至尊宝为了救白，使用月光宝盒使时光倒流，几次后产生故障，竟将其带回五百年前，这时紫霞仙子 （朱茵饰）向她走  。
45,风之谷,風の谷のナウシカ,宫崎骏,动画,1992-05,117分钟,暂无,"岛本须美,永井一郎,坂本千夏",8.8,[],工业文明的高度发展，却最终带来灾难，一场为期7天的虫族毁灭战争摧毁了人类文明。一千年后，工业文明遗留下来的症结仍在困扰这个星球。带有强烈毒性的植物组成了令人望而却步的“腐海”森林，随着时间的推移，腐海有条不紊地向四周蔓延，蚕食周边世界。在一片腐海森林的旁边，居住着一群御风而行的人类。女主角娜乌茜卡和族人依靠海风的力量抵御着有毒孢子的侵蚀，过着平静祥和的生活。直到某一天，战火烧到了这里。西方强国特洛梅意欲重新建立人类霸权，他们计划统一周边诸国，然后向虫族发起总攻。另一方面，一千年前曾主导摧毁人类的上古怪兽“猛怪”重现人间。毁灭战争一触即发，人类的命运将会如何……
46,闻香识女人,Scent of a Woman,马丁·布莱斯特,剧情,1992-12-23,157分钟,6310万美元,"阿尔·帕西诺,克里斯·奥唐纳,加布里埃尔·安瓦尔",8.8,"['第65届奥斯卡金像奖', '第50届金球奖', '第65届奥斯卡金像奖', '第50届金球奖', '第47届英国电影和电视艺术学院奖', '第32届美国剪辑工会奖', '第57届纽约影评人协会奖']",查理（克里斯·奥唐纳 饰）是一个普通的中学生，他因为见证着一件恶作剧但又不想出卖朋友，于是面临着一道艰难的选择题——要么坦白，要么被学校勒退。而史法兰（阿尔·帕西诺 饰）是一个退伍军官，因为意外失明，人生从顶点的辉煌滑落谷底。自从两人的人生有了交集，命运的转折慢慢清晰。史法兰打算结束失去了意义的生活，于是在查理的陪伴下，尽情享受着人生最后一趟出行。他吃最美味的佳肴，买光鲜的汽车，在狭窄的街道上飚车，住在豪华的套房里，跟随陌生女子的袅袅香水味，跳一段优雅性感的探戈……极乐的疯狂后，他拿枪对准了自己的头颅。然而，查理声嘶力竭的劝阻改变了一切，曙光亦渐渐在这个老人心中重新升起，二人情深如父子。史法兰在学校礼堂激昂演说，挽救了查理的前途，讽刺了学校的伪善。二人在互相鼓舞中得到重生。
47,三傻大闹宝莱坞,3 Idiots,拉吉库马尔·希拉尼,剧情,2011-12-08,171分钟,1398万,"阿米尔·汗,黄渤,卡琳娜·卡普",9.1,"['第37届日本电影学院奖', '第1届北京国际电影节', '第37届日本电影学院奖', '第1届北京国际电影节']",本片根据印度畅销书作家奇坦·巴哈特（Chetan Bhagat）的处女作小说《五点人》（Five Point Someone）改编而成。法兰（马德哈万 R Madhavan 饰）、拉杜（沙曼·乔希 Sharman Joshi 饰）与兰乔（阿米尔·汗 Aamir Khan 饰）是皇家工程学院的学生，三人共居一室，结为好友。在以严格著称的学院里，兰乔是个非常与众不同的学生，他不死记硬背，甚至还公然顶撞校长“病毒”（波曼·伊拉尼 Boman Irani 饰），质疑他的教学方法。他不仅鼓动法兰与拉杜去勇敢追寻理想，还劝说校长的二女儿碧雅（卡琳娜·卡普 Kareena Kapoor 饰）离开满眼铜臭的未婚夫。兰乔的特立独行引起了模范学生“消音器”（奥米·维嘉 Omi Vaidya 饰）的不满，他约定十年后再与兰乔一决高下，看哪种生活方式更能取得成功。 本片获孟买电影博览奖最佳影片、最佳导演、最佳配角（波曼·伊拉尼）、最佳剧本等六项大奖，并获国际印度电影协会最佳影片、最佳导演、最佳剧情、最佳摄影等十六项大奖。
48,勇敢的心,Braveheart,梅尔·吉布森,剧情,1995-05-18,177分钟,暂无,"梅尔·吉布森,苏菲·玛索,帕特里克·麦高汉",8.8,"['第68届奥斯卡金像奖', '第53届金球奖', '第68届奥斯卡金像奖', '第53届金球奖', '第49届英国电影和电视艺术学院奖', '第5届MTV电影奖', '第22届土星奖', '第35届美国剪辑工会奖', '第48届美国导演工会奖']",在 威廉·华莱士还是孩子的时候，他的父亲，苏格兰的英雄马索·华莱士在与英军的斗争中牺牲了。幼小的他在父亲的好友的指导下学习文化和武术。光阴似箭，英王爱德华为巩固在苏格兰的统治，颁布法令允许英国贵族在苏格兰享有结婚少女的初夜权，以便让贵族效忠皇室。王子妃伊莎贝拉是个决断的才女，她知道这道法令会让英国贵族有意于苏格兰，但更会激起苏格兰人民的反抗。年轻的华莱士学成回到故乡，向美丽的少女梅伦求婚，愿意做一个安分守已的人。然而梅伦却被英军无理抢去，并遭杀害，华莱士终于爆发了。在广大村民高呼“英雄之后”的呼喊声中，他们揭竿而起，杀英兵宣布起义。苏格兰贵族罗伯想成为苏格兰领主， 在其父布斯的教唆下，假意与华莱士联盟。华莱士杀败了前来进攻的英军，苏格兰贵族议会封他为爵士，任命他为苏格兰 护国公。华莱士却发现这些苏格兰贵族考虑的只是自己的利益，丝毫不为人民和国家前途担心。爱德华为了缓和局势，派伊莎贝拉前去和谈。但由于英王根本不考虑人民的自由和平等，只想以收买华莱士为条件，和谈失败了。伊莎贝拉回去后才发觉和谈根本就是幌子，英王汇合了爱尔兰军和法军共同包围华莱士的苏格兰军队，她赶紧送信给华莱士。大军压境之下，贵族们慌作一团，华莱士领兵出战，混战一场，短兵相接中，他意外发现了罗伯竟与英王勾结，不禁倍受打击。伊莎贝拉为华莱士的豪情倾倒，来到驻地向他倾吐了自己的真情，两人陶醉在爱情的幸福之中。英王再次提出和谈。华莱士明知是圈套，但为了和平着想，他依旧答应前去。在爱丁堡布斯设计了阴谋抓住华莱士，并把他送交英王。罗伯对父亲的诡计感到怒不可遏，华莱士终于被判死刑。伊莎贝拉求情不成，在英王临死前，她告诉英王她怀的不是王子的血脉，而这个孩子不久将成为新的英王。华莱士刑前高呼“自由”震憾所有人。几星期后，在受封时，罗伯高呼前为华莱士报仇的口号，英勇地继承华莱士的遗志对抗英军  。
49,速度与激情5,Fast Five,林诣彬,动作,2011-05-12,130分钟,2.52亿,"范·迪塞尔,保罗·沃克,道恩·强森",9.2,"['第38届人民选择奖', '第38届土星奖', '第38届人民选择奖', '第38届土星奖', '第13届青少年选择奖', '第17届评论家选择奖', '第11届凤凰城影评人协会奖']",随着这个充满着紧张刺激的各种飞车和爆炸场景的电影系列发展到第5个故事篇章，由此创造出的不仅仅是更加宏大的背景幕布，同时也是在将大众化的影响力扩充至全世界的各个角落，作为开创了这套冒险传奇的动作搭档，前警探布莱恩·奥康纳 （保罗·沃克饰）和曾坐过牢的多米尼克·特莱托 （范·迪塞尔饰）再一次聚首到了一起，因为他们发现自己置身在的是一个异常陌生的环境当中，一起走进了很有异域风情的里约热内卢的犯罪世界。当我们最后一次看到他们的时候，布莱恩和米娅·特莱托 （乔丹娜·布鲁斯特饰）帮助多米尼克摆脱了警方的扣押，然后一口气穿越了很多国家的边境，就为了躲避执法机构的围追堵截，如今，他们退却到了里约热内卢的一个秘密的角落，必须得想办法完成最后一项任务。他们别无选择，只能通过这样的手段去获取期盼已久的真正的自由，他们需要做的就是集结一个顶级的精英团队，全部都是由他们最为信赖且视作家人的朋友组成的，他们需要共同密谋的是一起价值1亿美元的疯狂的抢劫案——多米尼克和布莱恩知道这是他们最后的机会，可以帮助他们永远地摆脱邪恶且堕落的商人赫南·雷耶斯 （乔奎姆·德·阿尔梅达饰）的控制，不过，他并不是惟一一个紧紧追随在他们身后的敌人。 顽固又强悍的联邦特工卢克·霍布斯 （道恩·强森饰）是永远不会让敌人从自己眼前溜走的，当他接受委派追捕多米尼克与布莱恩的时候，他和他的突击队将会不惜一切代价完成任务。可是，他们来到巴西之后，卢克却陷入到了迷惑当中，因为他发现自己已经没办法明确地分辨出，谁是好人，谁又是坏人，他只能依靠自己的本能来完成这次行动了，而且还得抢在别人的前面才有可能成功  。
50,驯龙高手,How to Train Your Dragon,迪恩·德布洛斯,喜剧,2010-05-14,98分钟,8986万,"杰伊·巴鲁切尔,杰拉德·巴特勒,亚美莉卡·费雷拉",9.0,"['第83届奥斯卡金像奖', '第67届威尼斯电影节', '第83届奥斯卡金像奖', '第67届威尼斯电影节', '第68届金球奖', '第64届英国电影和电视艺术学院奖', '第38届安妮奖', '第37届人民选择奖', '第37届土星奖', '第12届青少年选择奖', '第50届美国剪辑工会奖', '第9届华盛顿影评人协会奖', '第23届芝加哥影评人协会奖', '第10届凤凰城影评人协会奖', '第19届东南影评人协会奖', '第15届圣地亚哥影评人协会奖']",维京岛国的少年小嗝嗝（杰伊·巴鲁切尔  配音）是部落统领伟大的斯托里克（杰拉德·巴特勒 配音）的儿子，他非常想像自己的父亲一样亲手屠龙——这些飞龙是岛上维京人放牧羊群的主要天敌——但他每次出现在部落屠龙的战斗中都只给大家徒增烦恼。在一次对抗飞龙的战斗中，希卡普偷偷用射龙器击伤了一只最神秘的“夜之怒龙”，并背着族人放生、豢养，甚至驯服了这只龙，还给它起名“无牙”。希卡普的神秘行径引起了一同训练屠龙技巧的女孩阿斯特丽德（亚美莉卡·费雷拉 配音）的怀疑。阿斯特丽德发现了希卡普的秘密，却同时被身骑“无牙”御风而飞的美妙体验所震撼。格雷决定在屠龙成人礼上向远征归来的斯托里克和族人讲明真相，说服大家放弃屠龙，却偏偏弄巧成拙，害得“无牙”被俘，一场更大的灾难就在眼前……
51,黑客帝国3：矩阵革命,The Matrix Revolutions,拉娜·沃卓斯基,动作,2003-11-05,129分钟,4300万,"基努·里维斯,雨果·维文,凯瑞-安·莫斯",8.8,"['第30届土星奖', '第6届青少年选择奖', '第30届土星奖', '第6届青少年选择奖', '第10届中国电影华表奖']",第二集中，尼奥（基努·里维斯 饰）没有能从摧毁内部“母体”，他的身体在真实世界的飞船上陷于昏迷，思想却被困在介于“母体”和真实世界的中间地带，这个地方由“火车人”控制。墨菲斯（劳伦斯·菲什伯恩 饰）和崔妮蒂（凯莉-安·摩丝 饰）等人知道了尼奥的情况，在守护天使的带领下，找到了“火车人”的控制者梅罗纹奇，经过一番激斗，将尼奥救了出来。此时，电子乌贼部队对锡安发起了猛烈的攻击，人类组织所有机甲战士展开顽强的抵抗，形势危在旦夕；尼奥和崔妮蒂驾驶了一艘飞船克服重重困难，到达机器城市，尼奥终于见到了机器世界的统治者“机器大帝”，双发谈判并达成了协议：尼奥除掉不受“母体”控制的史密斯，以换取锡安的和平。在“母体”中，尼奥和史密斯展开了关系人类生死存亡的最后决斗。
52,飞屋环游记,Up,彼特·道格特,剧情,2009-08-04,96分钟,9530万,"爱德华·阿斯纳,乔丹·长井,鲍勃·彼德森",8.9,"['第82届奥斯卡金像奖', '第66届威尼斯电影节', '第82届奥斯卡金像奖', '第66届威尼斯电影节', '第67届金球奖', '第37届安妮奖', '第36届土星奖', '第11届青少年选择奖', '第75届纽约影评人协会奖', '第10届美国电影学会奖', '第8届华盛顿影评人协会奖', '第22届芝加哥影评人协会奖', '第9届凤凰城影评人协会奖', '第43届堪萨斯影评人协会奖', '第18届东南影评人协会奖', '第14届圣地亚哥影评人协会奖']",卡尔（爱德华·阿斯纳 配音）是一个以卖气球为生的老头。自从老伴艾丽病逝之后，卡尔就变得沉默寡言起来。回想过去和艾丽在一起的日子，他们曾经多次都梦想着到南美洲的天堂瀑布去探险，可是为生计奔波的两人，却一直没有时间去完成这次旅行。难道就这样抱着遗憾过一辈子吗？这时候，政府计划要在卡尔所住的地方建造一幢摩天大楼，而在这里住了一辈子的卡尔根本不愿意搬家，但政府已经打算将这个难缠的钉子户送到养老院去。卡尔知道政府接下来的打算，他决定，要带着这幢保存了他一生回忆的屋子一起去旅行！在一大堆五颜六色气球的牵引下，整幢房子飞向了空中，卡尔朝着梦想之地进发——不过老卡尔却万万没有想到，这幢飞屋里闯入了一个不速之客，他就是9岁的胖乎乎小男孩罗素（乔丹·长井 配音）。这个小男孩骗老卡尔说是不小心才闯进来的，其实他是因为参加了野外探险者协会，而如果要成为高级会员，必须拿到一枚徽章，而拿到这枚徽章的条件就是帮助一位老人。罗素选中的帮助对象，就是脾气怪怪的老卡尔。老卡尔一开始并不想让罗素跟自己一起旅行，因此策划了很多办法想把这个讨厌的小孩从飞屋里丢下去，但此刻飞屋被卷进了暴风雨云里，卡尔和罗素一起度过了这个难关，罗素也告诉卡尔，他手中的GPS可以让卡尔更加精确的到达旅行的目的地——天堂瀑布。于是，这一老一少的旅途开始了。老不乐意的卡尔在路上还是想了不少办法踢走罗素，最后都无功而返，两人一路斗气地到了南美，在南美的丛林里，他们结识了很多平时根本见不到的动物，有长着长长大嘴的大鸟，还有会说话的小狗……他们都成为了飞屋里的旅客，随着卡尔和罗素一起旅行。眼看就要到目的地天堂瀑布了，爷孙两人却碰上了一个利欲熏心的探险家查尔斯（克里斯托弗·普卢默 配音），查尔斯认为卡尔和罗素破坏了他的好事，因此决定要拆掉他们的飞屋，让他们坠毁……究竟卡尔和罗素如何度过这场危机，顺利地到达天堂瀑布呢？
53,怦然心动,Flipped,罗伯·莱纳,剧情,2010-07-26,90分钟,暂无,"玛德琳·卡罗尔,卡兰·麦克奥利菲,艾丹·奎因",8.9,[],布莱斯（卡兰·麦克奥利菲 饰）全家搬到小镇，邻家女孩朱丽（玛德琳·卡罗尔 饰）前来帮忙。她对他一见钟情，心愿是获得他的吻。两人是同班同学，她一直想方设法接近他，但是他避之不及。她喜欢爬在高高的梧桐树上看风景。但因为施工，树被要被砍掉，她誓死捍卫，希望他并肩作战，但是他退缩了。她的事迹上了报纸，外公对她颇有好感，令他十分困惑。她凭借鸡下蛋的项目获得了科技展第一名，成了全场焦点，令他黯然失色。她把自家鸡蛋送给他，他听家人怀疑她家鸡蛋不卫生，便偷偷把鸡蛋丢掉。她得知真相，很伤心，两人关系跌入冰点。她跟家人诉说，引发争吵。原来父亲一直攒钱照顾傻弟弟，所以生活拮据。她理解了父母，自己动手，还得到了他外公的鼎力相助。他向她道歉，但是并未解决问题。他开始关注她。鸡蛋风波未平，家庭晚宴与午餐男孩评选又把两人扯在了一起……
54,少年派的奇幻漂流,Life of Pi,李安,剧情,2012-11-22,127分钟,5.73亿,"苏拉·沙玛,伊尔凡·可汗,塔布",9.0,"['第85届奥斯卡金像奖', '第70届金球奖', '第85届奥斯卡金像奖', '第70届金球奖', '第66届英国电影和电视艺术学院奖', '第40届安妮奖', '第5届北京国际电影节', '第22届MTV电影奖', '第39届土星奖', '第58届意大利大卫奖', '第57届意大利大卫奖', '第18届评论家选择奖', '第52届美国剪辑工会奖', '第65届美国导演工会奖', '第13届美国电影学会奖', '第11届华盛顿影评人协会奖', '第25届芝加哥影评人协会奖', '第11届旧金山影评人协会奖', '第12届凤凰城影评人协会奖', '第46届堪萨斯影评人协会奖', '第33届波士顿影评人协会奖', '第21届东南影评人协会奖', '第17届圣地亚哥影评人协会奖', '第17届金卫星奖']",《少年派的奇幻漂流》的故事开始于蒙特娄， 也结束于蒙特娄。一名在找寻灵感的作家，无意间得知了皮辛墨利多·帕帖尔的不可思议的故事。被大家称为派的男孩，成长于1970年代的印度朋迪榭里。他的父亲开了一家动物园，派整天与老虎、斑马、河马和其他异国动物为伍，对信仰、人和动物的本性自有一套看法。然而他试图与孟加拉国虎理查德·帕克交好的举动，却引来父亲勃然大怒。派的父亲当场以血淋淋的教训让他知道：动物与人的思考模式不同，一旦忘记这一点就会送命。这次的教训冲击了派对世界无止尽的好奇心，令他永远无法轻忽，最终甚至影响了他被迫经历的旅程。此时印度发生了全面性的改变，动摇了派的多采多姿的世界。在派17岁那一年，他的父母决定举家移民以追求更好的生活。移民能带来新世界的新冒险，却也代表派必须离开他的初恋情人。在选择移民加拿大之后，派的父母关闭动物园、收拾所有家当搭上一艘日籍货船。在船上，他们遇见一位残忍成性的法国厨师。当天深夜在茫茫大海中，原本令派感到刺激无比的暴风雨，才一瞬间就成了吞噬货船的大灾难。船沉了，然而派却奇迹似的活了下来。他搭着救生船在太平洋上漂流，而且有一名最令人意想不到的同伴－理查德·帕克。冒险的旅程开始了。而这头过去在派的面前展露本性的猛虎，则成了派的大敌。然而在学习共存的过程中，理查德·帕克逐渐成为派重返人世的最大希望。派与理查德·帕克面对许多无法想象的挑战， 包括大自然的壮阔以及无情袭击渺小救生船的狂暴。其中一场特别凶猛的暴风雨，为派带来精神上的体验，让他质疑神对他的安排。然而从头到尾，派都没有绝望。一本旧的求生手册、海上的生物光、壮观的飞鱼群在空中画出的虹弧、闪闪发亮的碧波、以及一头跃出海面的座头鲸，都能让派得到喜悦  。
55,断背山,Brokeback Mountain,李安,剧情,2005-09-02,134分钟,暂无,"希斯·莱杰,杰克·吉伦哈尔,米歇尔·威廉姆斯",8.9,"['第78届奥斯卡金像奖', '第62届威尼斯电影节', '第78届奥斯卡金像奖', '第62届威尼斯电影节', '第63届金球奖', '第18届欧洲电影奖', '第59届英国电影和电视艺术学院奖', '第32届法国电影凯撒奖', '第15届MTV电影奖', '第51届意大利大卫奖', '第21届独立精神奖', '第9届好莱坞电影奖', '第45届美国剪辑工会奖', '第70届纽约影评人协会奖', '第58届美国导演工会奖', '第12届美国演员工会奖', '第6届美国电影学会奖']",1963年的灿烂夏日，怀俄明西部，年轻的牛仔杰克·特维斯特 （ 杰克·吉伦哈尔 饰）与恩尼斯·德尔玛 （ 希斯·莱杰 饰）因同为牧场主乔·阿桂尔 （ 兰迪·奎德 饰）打工而相识。杰克比较健谈，且骑术高超。恩尼斯自幼小父母双亡，性格内向寡语。人迹罕至的断臂山深处，高山牧场的放羊工作单调而艰苦，随时有遭遇野兽袭击的可能。供杰克与恩尼斯栖身的帐篷狭小得只能睡下一人，另一人不得不睡在露天篝火旁，起初二人各自放羊，少有交流。直到有一天，二人晚饭时喝多了酒，夜晚又分外寒冷，于是杰克与恩尼斯同帐共裘而眠。在酒精与荷尔蒙的作用下，他们之间发生了“不该发生的事”，空虚寂寥让两个19岁的青年彼此相爱了。一个人做饭，另一个放羊，篝火边长谈，帐篷内欢爱，同性间的爱情伴随着二人度过了人生中最美好的夏日时光。季节性的放牧工作结束后，迫于世俗的压力，杰克与恩尼斯依依不舍地踏上了各自的生活旅程，杰克凭着精湛的骑术成为了德州的竞技牛仔，依靠着妻子露琳 （ 安妮·海瑟薇 饰）家族的扶植而事业蒸蒸日上；留在牧场的恩尼斯迎娶了自幼相识的阿尔玛 （ 米歇尔·威廉姆斯 饰），每日为待哺的女儿奔忙，过着平凡清苦的日子。弹指间四年过去了，饱受相思之苦的杰克给恩尼斯寄去贺卡，说自己做生意外出时要路过怀俄明，希望能见上一面。重逢后的杰克与恩尼斯深情拥吻，时光的流失并未冲淡二人心中炽热的情感。在随后的十几年中，杰克与恩尼斯都定期约会钓鱼。表面上的婚姻让阿尔玛的内心苦楚不堪，她知道丈夫每年消失在断臂山中与老友杰克钓鱼的真正原因，而杰克与恩尼斯也经受着同性恋所招致的巨大偏见和世俗压力。最终厮守一生的愿望因杰克的意外身亡而落空。在杰克去世后，恩尼斯来到了杰克父母的农场，想把杰克的骨灰带回到二人初次相识的断臂山。在杰克的房间里，他发现了一个秘密：初识时他们各自穿过的衬衫被整齐地套在了同一个衣挂上。这个秘密让恩尼斯潸然泪下，他意识到杰克是多么爱他，自己又多么深爱杰克。但无论爱是怎样的浓烈，最终见证它的只有那座壮美苍郁的断臂山  。
56,神偷奶爸,Despicable Me,克里斯·雷纳德,喜剧,2010-06-20,95分钟,暂无,"史蒂夫·卡瑞尔,杰森·席格尔,拉塞尔·布兰德",8.9,"['第68届金球奖', '第64届英国电影和电视艺术学院奖', '第68届金球奖', '第64届英国电影和电视艺术学院奖', '第38届安妮奖', '第37届人民选择奖', '第37届土星奖', '第12届青少年选择奖', '第50届美国剪辑工会奖', '第9届华盛顿影评人协会奖', '第23届芝加哥影评人协会奖', '第15届圣地亚哥影评人协会奖']",一直以来，自诩为全世界最让人胆战心惊的超级混蛋的格鲁 （史蒂夫·卡瑞尔配音），始终觉得没有人可以阻挡他充满着邪恶趣味的前进脚步，可是当他与3个小女孩的生命有所交集之后，他很快就意识到，自己即将面对的是有史以来最艰难的挑战。 在一个被白色的尖桩篱笆和茂盛的玫瑰花丛所包围的看似快乐祥和的郊外社区里，坐落着一座全黑色的大房子，周围则是死气沉沉且略显呆板的绿色草坪。周遭邻居所不知道的是，在这座房子的下面，有一个非常隐蔽的巨大的藏匿之处，里面竟然驻扎着一支用心极度险恶的小矮人军队，而他们的头头格鲁则正在计划整个人类历史上最疯狂的抢劫案——没错，他打算偷走月亮。 不管是在什么样的环境下，格鲁天生似乎就只对做一些不道德的坏事感兴趣，简直是越堕落越快乐……除此之外，他背后还有一个可怕的军械库的支持和武装，最擅长的就是发射缩小光线和冷冻光线。格鲁已经做好了最先进的战斗准备，无论是地面还是空中作业，他都有办法应付——他已经想好了，他会毫不犹豫地清除掉任何挡在自己前进路线上的人，不达目的誓不罢休。直到有一天，他遇到了3个来自于孤儿院的小女孩，并与她们共同结成的强大意志力发生了激烈的碰撞  。
57,致命魔术,The Prestige,克里斯托弗·诺兰,剧情,2006-10-17,130分钟,5309万美元,"休·杰克曼,克里斯蒂安·贝尔,迈克尔·凯恩",8.8,"['第79届奥斯卡金像奖', '第33届土星奖', '第79届奥斯卡金像奖', '第33届土星奖', '第9届青少年选择奖']",十九世纪中后期的伦敦，人们还尚未对现代文明有着更加深刻而科学的认识。因此魔术师这一职业在这座堪称国际化的大都市里有着颇高的地位。尤其是贵族出身的魔术师罗伯特·安吉尔（休·杰克曼 饰）更是这一行业的代表人之一。他的同行阿尔弗莱德·伯登（克里斯蒂安·贝尔 饰）虽身家并没有前者的高贵，却也凭借一身的好本事在行内也占得一席之地。实际上，安吉尔与伯登很小的时候就是好朋友，由于两人皆天资聪慧，双双醉心于魔术表演并各自有着不同的特长和本领。但让长大成人后现实中的一切包括名和利种种，渐渐将一对好友推向了敌对的两面。成了同行里的红眼冤家。为了能够成为伦敦城内著名的维多利亚音乐大厅里最受欢迎的魔术师，安吉尔同伯登之间展开了长久而艰苦的争斗。他们一边加强自己的技艺，一边不惜互派卧底，打探彼此的底细，然后加以揭穿或破坏。生性有些偏执的伯登擅长一种能够令观众们难以置信的分身术，他能够在两个封闭的容器内自由穿越，此招数一度将安吉尔的铁杆观众几乎都吸引了过来。安吉尔自然也不甘示弱，他为了能够打败伯登，开始求助于科学家尼姑拉·特斯拉（大卫·鲍伊 饰），请他发明一些奇特的表演道具，其中就包括一个短距离穿越时空的机器，这样在舞台上，他就能以一种不可思议的方式战胜伯登。然而，争强好胜的伯登心头渐渐起了邪念，他想到了更加狠毒的办法来对抗安吉尔。两人的魔术之争也因此逐渐升级、愈演愈烈，直到他们的争斗酿出了一桩惨不忍睹的血案……
58,无敌破坏王,Wreck-It Ralph,瑞奇·摩尔,喜剧,2012-11-06,101分钟,6382万,"约翰·C·赖利,萨拉·西尔弗曼,简·林奇",9.1,"['第85届奥斯卡金像奖', '第70届金球奖', '第85届奥斯卡金像奖', '第70届金球奖', '第66届英国电影和电视艺术学院奖', '第40届安妮奖', '第39届土星奖', '第18届评论家选择奖', '第52届美国剪辑工会奖', '第84届美国国家评论协会奖', '第11届华盛顿影评人协会奖', '第25届芝加哥影评人协会奖', '第12届凤凰城影评人协会奖', '第17届圣地亚哥影评人协会奖', '第17届金卫星奖']",无敌破坏王（约翰·C·赖利 配音）生活在一个80年代出品的低精度游戏中。他的设定身份是一个反派，每天的生活就是在游戏《快手阿修》中大搞破坏，其后由玩家操作的英雄人物快手阿修（杰克·麦克布瑞尔 配音） 会及时赶到进行修补，赢得奖牌，包揽一切荣耀。身为反派，破坏王厌倦了自己的生活，眼看阿修被胜利者的光环围绕，自己却日复一日在无趣中过活，他终于决定改变。单纯的他以为只要自己也能得到一枚奖牌，就可以摆脱反派的身份，于是某日在游戏厅歇业后，破坏王偷偷离开了自己的游戏，前去闯荡其他电子游戏的世界。在途中，破坏王结识了来自《英雄使命》的冷酷队长（简·林奇 配音）和来自90年代糖果赛车游戏《甜蜜冲刺》的小女孩云妮（萨拉·丝沃曼 配音）。后者梦想着能上场比赛，但其身份也不允许她梦想成真。破坏王所属的游戏《快手阿修》由于失去了他被认定为系统错误，如不尽快返回，则游戏就会被永久删除；而《甜蜜冲刺》的游戏世界则在悄悄酝酿着一场巨大的、威胁到整个游戏世界的阴谋。这也许是无敌破坏王实现梦想的机会，但也可能是一条不归路…… 他可以扭转乾坤，成为一名真正的英雄吗？
59,鬼子来了,Devils on the Doorstep,姜文,剧情,2000-05-13,139分钟,2万美元,"姜文,姜宏波,陈强",8.9,"['第54届戛纳电影节', '第53届戛纳电影节', '第54届戛纳电影节', '第53届戛纳电影节', '第52届戛纳电影节', '第76届日本电影旬报奖']",抗日战争末期，河北某偏僻乡村挂家台的老实村民马大三（姜文 饰）迎来棘手难题：某人将分别装有日本鬼子花屋小三郎（香川照之 饰）和汉奸翻译董汉臣的麻袋扔给他，声称不日来取，却迟迟不见其来。厚道的马大三一边将两人当亲爹娘侍奉，一边同村人商议计策，最后决定将两人处死，但终因“天意”不了了之。巧舌如簧的董汉臣为自救，设法令挂甲台村民与花屋小三郎签署合约，称将花屋安全送到日方宪兵队后，村民可得到几大车粮食。马大三与众村民兴高采烈赶到宪兵队，将俘虏交由日方，然而日方并无“以其礼还其礼”的教养。
60,美丽心灵,A Beautiful Mind,朗·霍华德,剧情,2001-12-13,135分钟,暂无,"罗素·克洛,詹妮弗·康纳利,艾德·哈里斯",8.8,"['第74届奥斯卡金像奖', '第59届金球奖', '第74届奥斯卡金像奖', '第59届金球奖', '第55届英国电影和电视艺术学院奖', '第11届MTV电影奖', '第4届青少年选择奖', '第41届美国剪辑工会奖', '第54届美国导演工会奖', '第8届美国演员工会奖', '第2届美国电影学会奖']",英俊而又十分古怪的数学家约翰·纳什 （罗素·克劳饰）念研究生时便发明了他的博弈理论，短短26页的论文在经济、军事等领域产生深远的影响，他开始享有国际声誉。但纳什出众的直觉受到了精神分裂症的困扰，使他向学术上最高层次进军的辉煌历程发生了巨大改变。面对这个曾经击毁了许多人的挑战，纳什在深爱着他的妻子艾丽西亚 （ 詹妮弗·康纳利 饰）的相助下，与被认为是只能好转、无法治愈的疾病作斗争。经过十几年的不懈努力，完全通过意志的力量，他一如既往地坚持工作，并于1994年获得诺贝尔奖，他在博弈论方面颇具前瞻性的工作也成为20世纪最具影响力的理论。而纳什也成了一个不仅拥有美好情感，并具有美丽心灵的人  。
61,蝙蝠侠：黑暗骑士崛起,The Dark Knight Rises,克里斯托弗·诺兰,剧情,2012-08-27,165分钟,3.39亿,"克里斯蒂安·贝尔,迈克尔·凯恩,加里·奥德曼",8.9,"['第66届英国电影和电视艺术学院奖', '第36届日本电影学院奖', '第66届英国电影和电视艺术学院奖', '第36届日本电影学院奖', '第22届MTV电影奖', '第39届人民选择奖', '第39届土星奖', '第15届青少年选择奖', '第14届青少年选择奖', '第38届洛杉矶影评人协会奖', '第18届评论家选择奖', '第16届好莱坞电影奖', '第19届美国演员工会奖', '第84届美国国家评论协会奖', '第13届美国电影学会奖', '第12届凤凰城影评人协会奖', '第21届东南影评人协会奖', '第17届金卫星奖']",自从“蝙蝠侠”（ 克里斯蒂安·贝尔饰）消失在了黑夜当中， 已经过去整整8年的时间了，而他也在一夜之间从一名英雄转变成了一个不得不亡命天涯的逃亡者。由于哈维·登特的死，这位被称之为“黑暗骑士”的超级英雄虽然对加诸在自己身上的指责与羞辱嗤之以鼻，可是他也为此牺牲了他和警官吉姆·戈登（ 加里·奥德曼饰）为了实现“更美好的未来”的目标而做的一切努力。随着谎言肆意地蔓延，在反罪行的登特法案的强行高压之下，高谭市的犯罪活动总算是被彻底地被瓦解和粉碎了。但是，当一个狡猾、灵敏的飞贼“ 猫女”（ 安妮·海瑟薇饰）突然来到这座城市之后，曾经歌舞升平的一切也被彻底地颠覆了，她怀揣的显然是一个不可告人的神秘计划。不过，比她更危险的其实是“贝恩”（ 汤姆·哈迪饰）的现身，他是一个戴着面具的恐怖分子，策划着要在高谭市实施一场异常诡异又可怕的袭击，也迫使着布鲁斯·韦恩不得不摆脱自我放逐的颓废状态，重新戴上头套、披上斗篷——可即使如此，他仍然不是“贝恩”的对手，很可能会和这座生他养他的城市一起走向毁灭的边缘。
62,甜蜜蜜,Comrades: Almost a Love Story,陈可辛,剧情,2015-02-13,118分钟,1233万,"黎明,张曼玉,曾志伟",9.2,"['第16届香港金像奖', '第34届台湾电影金马奖', '第16届香港金像奖', '第34届台湾电影金马奖', '第3届香港电影评论学会大奖']",1986年3月1日，黎小军（ 黎明饰）告别了女友方小婷（ 杨恭如饰），一个人从天津来到香港。他最大的理想就是赚到钱能把小婷接来成婚。在香港，他认识了在麦当劳工作的李翘（ 张曼玉饰），两个孤独的人终于成了朋友。偶然间，他们发现彼此都很喜欢邓丽君的歌。直到有一天，他们发现对方并不是自己来香港的理想所在，于是他们分手了。小婷终于成了黎太太，李翘也跟了混黑社会的豹哥（ 曾志伟饰）。日子仿佛就应该这样继续，可是他们终于发现自己一直深爱着对方。紧接着的一场变故（豹哥意外身亡）使两人再次相遇，时间已是1995年5月8日，他们在纽约唐人街一家商店的橱窗前，一起看着邓丽君去世的消息。当四目相对，耳畔传来的又是那首他们在香港一同唱过的《 甜蜜蜜》。
63,哈利·波特与死亡圣器（下）,Harry Potter and the Deathly Hallows: Part 2,大卫·叶茨,剧情,2011-08-04,130分钟,4.02亿,"丹尼尔·雷德克里夫,鲁伯特·格林特,艾玛·沃特森",9.0,"['第84届奥斯卡金像奖', '第65届英国电影和电视艺术学院奖', '第84届奥斯卡金像奖', '第65届英国电影和电视艺术学院奖', '第64届英国电影和电视艺术学院奖', '第3届北京国际电影节', '第21届MTV电影奖', '第38届人民选择奖', '第38届土星奖', '第14届青少年选择奖', '第13届青少年选择奖', '第17届评论家选择奖', '第15届好莱坞电影奖', '第18届美国演员工会奖', '第12届美国电影学会奖', '第10届华盛顿影评人协会奖', '第11届凤凰城影评人协会奖', '第16届圣地亚哥影评人协会奖']",哈利进入与 伏地魔意识连通的幻境，找到了一些魂器，但也让伏地魔发觉了他们的行动。哈利又一次进入幻境后推断出伏地魔的居所，三人来到了此地。他们看到伏地魔命令毒蛇除掉斯内普，以把长者杖魔力传给自己。弥留之际，斯内普把记忆送给哈利，原来他一直爱着哈利的母亲莉莉，因此从来都是站在邓布利多一边。哈利披上隐身斗篷去与伏地魔战斗，发现海格被押作人质。哈利一现出身来就被一咒击倒，醒来时彷佛进入一个生与死的边缘，碰到已死的邓布利多。哈利发觉咒语正巧击溃了藏在自己体内的那一部分伏地魔的灵魂。伏地魔命令海格把貌似死了的哈利带回 霍格沃茨，杀杀士气。哈利趁乱披上隐身斗篷，纳威敏捷地抽出格兰芬多剑砍掉了毒蛇纳吉尼的脑袋，藏在毒蛇体内的伏地魔最后一个魂器就这样被毁掉。哈利在大殿里面直面伏地魔，长老杖在伏地魔手中。哈利猜测长 老杖原来的主人不是斯内普而是马尔福，解除邓布利多武装的是马尔福，而斯内普只是依照邓布利多的愿望把他杀掉。然而解除掉马尔福武力的人却是哈利，所以长老杖真正的力量在哈利这里。所以伏地魔用长老杖对哈利施死咒时，哈利让死咒又反弹到伏地魔身上，伏地魔就这样被结果了。19年后，哈利和金妮有了三个孩子，罗恩和赫敏也有两个孩子。两家人在 国王十字车站送孩子去霍格沃茨学校，在这里他们遇见了不少故人。最终哈利摸着前额上的闪电形疤痕，19年了这块疤痕再也没有痛过。一切都好  。
64,倩女幽魂,A Chinese Ghost Story,程小东,爱情,2011-04-30,98分钟,2万,"张国荣,王祖贤,午马",9.2,"['第7届香港金像奖', '第24届台湾电影金马奖', '第7届香港金像奖', '第24届台湾电影金马奖']",宁采臣 （张国荣饰）赴郭北县收帐，逢大雨，躲入传说纷纭的兰若寺投宿，但为寺内道士燕赤霞 （午马饰）所拒，于是宁采臣偷偷潜入寺中。入夜，宁采臣被一阵琴音吸引，邂逅少女聂小倩 （王祖贤饰）。聂小倩突露杀机，幸燕赤霞赶到，救下宁采臣一命。聂小倩感其正直，心生爱意，但被燕赤霞阻止。宁采臣却误认燕赤霞为杀人犯，欲与聂小倩逃走。树精姥姥 （刘兆铭饰）逼聂小倩杀宁采臣，聂小倩不肯，姥姥命众魔欲杀宁与小倩，燕赤霞再次出现，救 下二人，姥姥重伤。此时宁采臣才知聂小倩原是一游魂，因尸骨被弃荒野而受姥姥控制，每夜四处寻找壮男为姥姥吸引阳精，增益延寿。为免聂小倩再次受辱，宁采臣答应将其尸骨送回乡间安葬。不料聂小倩却被地府石妖抢去为妻。燕赤霞经不住宁采臣相求，再次出手，终于救回小倩  。
65,本杰明·巴顿奇事,The Curious Case of Benjamin Button,大卫·芬奇,剧情,2008-12-25,166分钟,暂无,"布拉德·皮特,凯特·布兰切特,塔拉吉·P·汉森",8.8,"['第81届奥斯卡金像奖', '第66届金球奖', '第81届奥斯卡金像奖', '第66届金球奖', '第62届英国电影和电视艺术学院奖', '第18届MTV电影奖', '第35届土星奖', '第11届青少年选择奖', '第48届美国剪辑工会奖', '第73届纽约影评人协会奖', '第61届美国导演工会奖', '第15届美国演员工会奖', '第9届美国电影学会奖']",飓风正在侵袭美国新奥尔良，一位病危的老妇睁开了她的睡眼。老妇名叫戴茜（凯特·布兰切特 饰），她叫女儿凯若琳（朱莉娅·奥蒙德 饰）为她阅读一本日记。这本日记的作者叫本杰明·巴顿（布拉德·皮特 饰）。本杰明出生在第一次世界大战停战之时，但生来便像个老人的他被父亲当作怪物，被遗弃在了养老院。本杰明在养老院与老人们一起生活。但谁都没有想到，本杰明逆向发育——越活越年轻！也许“越活越年轻”是某些人的梦想，但真正这样成长的本杰明却有了别人无法理解的烦恼与快乐。穿越半世纪的世界变革，本杰明身处其中，感受别人感受不到的感受。为何母亲会让自己念这本日记？本杰明·巴顿此人与母亲有什么关系？凯若琳陷入了深深的疑惑与好奇之中。
66,钢琴家,The Pianist,罗曼·波兰斯基,剧情,2002-05-24,150分钟,3257万美元,"艾德里安·布洛迪,艾米莉娅·福克斯,米哈乌·热布罗夫斯基",8.8,"['第75届奥斯卡金像奖', '第55届戛纳电影节', '第75届奥斯卡金像奖', '第55届戛纳电影节', '第54届戛纳电影节', '第60届金球奖', '第15届欧洲电影奖', '第56届英国电影和电视艺术学院奖', '第27届日本电影学院奖', '第28届法国电影凯撒奖', '第17届西班牙戈雅奖', '第48届意大利大卫奖', '第77届日本电影旬报奖', '第55届美国导演工会奖', '第9届美国演员工会奖']",作为一名天才的作曲家兼钢琴家，瓦拉迪斯劳·席皮尔曼 （阿德里安·布洛迪饰）在纳粹占领前还坚持在电台做现场演奏。然而在那段白色恐怖的日子里，他整日处在死亡的威胁下，不得不四处躲藏以免落入纳粹的魔爪。他在华沙的犹太区里饱受着饥饿的折磨和各种羞辱。在这里，即便所有热爱的东西都不得不放弃的时候，他仍旧顽强的活着。他躲过了地毯式的搜查，藏身于城市的废墟中。幸运的是他的音乐才华感动了一名德国军官，在军官的冒死保护下，钢琴家终于捱到了战争结束，迎来了自由的曙光。他的勇气为他赢得了丰厚的回报，在大家的帮助下他又找到了自己衷心热爱的艺术  。
67,触不可及,Intouchables,奥利维埃·纳卡什,剧情,2011-11-02,112分钟,暂无,"弗朗索瓦·克鲁塞,奥玛·希,安娜·勒尼",9.1,"['第70届金球奖', '第24届东京国际电影节', '第70届金球奖', '第24届东京国际电影节', '第25届欧洲电影奖', '第66届英国电影和电视艺术学院奖', '第36届日本电影学院奖', '第37届法国电影凯撒奖', '第27届西班牙戈雅奖', '第57届意大利大卫奖', '第56届意大利大卫奖', '第18届评论家选择奖', '第84届美国国家评论协会奖', '第11届华盛顿影评人协会奖', '第25届芝加哥影评人协会奖', '第12届凤凰城影评人协会奖', '第21届东南影评人协会奖', '第17届圣地亚哥影评人协会奖', '第17届金卫星奖']",因为一次跳伞事故，白人富翁菲利普（弗朗索瓦·克鲁塞 饰）瘫痪在床，欲招聘一名全职陪护。由于薪酬高，应聘者云集，个个舌灿莲花，却无法打动他的心。直到黑人德瑞斯（奥玛·赛 饰）的出现才让他作出决定。德希斯刚从监狱出来，背负家庭重担，一心只想寻张辞退信以申领救济金，而且他明显对女助理的兴趣要远大于这份工作。但是菲利普还是一眼相中了这个小伙子。于是，德瑞斯开始了一个月的试用期。虽然舒适的豪宅环境让他倍感虚荣，但是他仍面临很多挑战：不仅要为菲利普作身体复健，还得给他洗浴、灌肠、拆信、穿丝袜等。起初，两人的思维方式与价值观大相径庭，但是，随着了解的不断深入，他们成为了朋友……
68,新龙门客栈,New Dragon Gate Inn,李惠民,动作,2012-02-24,88分钟,627万,"张曼玉,梁家辉,甄子丹",8.8,"['第12届香港金像奖', '第29届台湾电影金马奖', '第12届香港金像奖', '第29届台湾电影金马奖', '第1届北京大学生电影节']",明朝中叶的天顺年间，东厂大太监 曹少钦（ 甄子丹饰）将兵部尚书杨宇轩陷害致死，并以流放其儿女为饵，欲引出杨宇轩的部下周淮安（ 梁家辉饰），妄图将其旧部一网打尽。江湖侠女邱莫言（ 林青霞饰）受情郎周淮安之托，经过浴血厮杀，救出杨家儿女并相约在大漠边关的龙门客栈会合。岂料乔装后的东厂三大档头带领众高手尾随而至。以经营黑店为生的老板娘 金镶玉（ 张曼玉饰）风骚多情，对周淮安暗生情愫，可惜周淮安早已心属邱莫言。此时，曹少钦的大队人马正向龙门客栈杀来，店内又有东厂高手百般纠缠，加上大漠天气莫测，周淮安等人苦苦无法脱身。周淮安探知客栈内有一条出关密道，为救杨氏遗孤，周淮安不惜以与金镶玉结婚为条件查出密道所在，并与邱莫言等人相约新婚之夜由密道逃离。岂料，曹少钦的大队人马已然杀到。万里黄沙之间，生、死、爱、恨交织之时，周、邱、金三人众志成城，联手将恶徒诛杀，邱莫言却也因此牺牲。周淮安决意远离中原，金镶玉一把火将客栈烧毁，追随周淮安而去。
69,大话西游之大圣娶亲,A Chinese Odyssey Part Two - Cinderella,刘镇伟,喜剧,2014-10-24,110分钟,1.78亿,"周星驰,朱茵,莫文蔚",8.8,"['第15届香港金像奖', '第15届香港金像奖']",至尊宝（周星驰 饰）被月光宝盒带回到五百年前，遇见紫霞仙子（朱茵 饰），被对方打上烙印成为对方的人，并发觉自己已变成孙悟空。 紫霞与青霞（朱茵 饰）本是如来佛祖座前日月神灯的灯芯（白天是紫霞，晚上是青霞），二人虽然同一肉身却仇恨颇深，因此紫霞立下誓言，谁能拔出她手中的紫青宝剑，谁就是她的意中人。紫青宝剑被至尊宝于不经意间拔出，紫霞决定以身相许，却遭一心记挂白晶晶（莫文蔚 饰）的至尊宝拒绝。后牛魔王救下迷失在沙漠中的紫霞，并逼紫霞与他成婚，关键时刻，至尊宝现身。
70,初恋这件小事,สิ่งเล็กเล็กที่เรียกว่า...รัก,普特鹏·普罗萨卡·那·萨克那卡林,喜剧,2012-06-05,118分钟,406万,"马里奥·毛瑞尔,平采娜·乐维瑟派布恩,阿查拉那·阿瑞亚卫考",8.8,[],初中生小水（平采娜·乐维瑟派布恩 饰）相貌平平，家境一般，所以在学校里并不受重视。但是她心地善良，又有一群死党，日子过得倒也开心。某天，她遇见了帅气的学长阿亮（马里奥·毛瑞尔 饰），春心萌动，无 法遏制。她喜欢看他踢足球，看他拍照，如痴如狂。上英语课时，她不停地给死党传纸条 表达对阿亮的爱慕。然而，英语老师则指出她除了英语一无是处。回到家，叔叔从美国捎来了父亲的消息，说如果她能考全校第一，就可以去美国。于是，她按下决心要努力加油。某天，小水等人在买饮料时，碰到篮球队员蛮横插队。阿亮挺身而出，为她们教训了对方，并挨了校长的责骂。小水也第一次听说，阿亮的父亲因为射失点球而退役的事情，理解了他心中的隐痛。由于舞蹈队是给美女准备的，所以小水等一干姐妹准备在话剧社大展身手，没想到学长也来到这个社团。两人还扮演王子公主，他们的恋情会由此展开么？……
71,熔炉,도가니,黄东赫,剧情,2011-09-22,125分钟,暂无,"孔刘,郑有美,金智英",8.8,"['第49届韩国电影大钟奖', '第49届韩国电影大钟奖']",来自首尔的哑语美术老师仁浩（孔宥 饰）来到雾津，应聘慈爱聋哑人学校。天降大雾，他意外撞车，维修时邂逅了人权组织成员柔珍（郑有美 饰）。仁浩妻子早亡，8岁女儿天生哮喘由祖母照看，所以他不辞辛苦谋职养家。然而，双胞胎的校长与教导主任竟逼仁浩索贿5千万韩元。同时，仁浩逐渐发现学校笼罩着一种紧张压抑的气氛，令人窒息。有三个孩子引人关注：聪颖的金妍斗（金贤秀 饰）、贪吃的陈宥利（郑仁絮 饰）和弟弟自杀身亡的全民秀（白承焕 饰），民秀总是满脸淤青。下课后，仁浩还听到女厕所中有呼喊与哭泣，在门卫的阻拦下他未深究。之后。他意外目睹了校长行贿警察，教导员毒打民秀，宿导溺罚妍斗的行径。一个惊天的隐秘被慢慢揭开，真相令韩国震惊…… 本片取材于2005年光州一所聋哑障碍人学校的真实事件，改编自韩国作家孔枝泳的同名小说。
72,小鞋子,بچههای آسمان,马基德·马基迪,剧情,1997,89分钟,93万美元,"默罕默德·阿米尔·纳吉,KamalMirkarimi,BehzadRafi",9.0,"['第71届奥斯卡金像奖', '第20届蒙特利尔国际电影节', '第71届奥斯卡金像奖', '第20届蒙特利尔国际电影节']",家境贫寒的男孩Ali（Amir Farrokh Hashemian）帮妹妹Zahra（Bahare Seddiqi）取修补好的鞋子时，不慎将鞋子弄丢，为了不被父（Mohammad Amir Naji）、母（Fereshte Sarabandi ）责罚，他央求Zahra暂时保密，说两人可以替换着穿他的鞋子上学，并答应一定会帮她买双新鞋子。Ali原本指望用他和父亲进城打工挣的钱帮Zahra买双新鞋，父亲的意外受伤打消了他的美梦。看到全市长跑比赛季军的奖品是一双运动鞋时，Ali决定参加比赛，但是他错过了报名日期。几经哀求，老师（Dariush Mokhtari ）破例让实力出众的Ali参加了比赛。比赛场上，Ali不断提醒自己，一定要得第三名！
73,素媛,소원,李濬益,剧情,2013-10-02,122分钟,暂无,"李来,薛耿求,严志媛",9.0,"['第34届韩国青龙电影奖', '第50届韩国百想艺术大赏', '第34届韩国青龙电影奖', '第50届韩国百想艺术大赏', '第51届韩国电影大钟奖', '第40届韩国电影大钟奖', '第4届北京国际电影节']",她（李莱 饰）是一个美丽平凡的小女孩，和爸爸妈妈生活在位于街角的家中。家里经营着以她的名字素媛命名的杂货店，母亲（严智媛 饰）作为老板娘日夜忙碌不得闲暇，父亲则在工厂干着繁重的工作。在那个飘雨的早上，素媛打着雨伞独自上学。在离学校近在咫尺的地方，她遭遇一个相貌猥琐、酒气冲天的大叔，由此开启了她的悲剧之旅。柔嫩的小花遭到暴风雨无情摧残，受伤的岂止枝枝叶叶，更是那迎着阳光无忧成长的心。无良媒体铺天盖地大肆渲染，作为受害者的素媛一家仿佛成了周身污秽的耻辱之人，被四周诧异好奇的目光所包围。妈妈悲痛欲绝，几近崩溃。爸爸全力保护女儿，但受伤的小天使却拒绝爸爸的靠近。问凶之路伴随着天使的治愈旅程，美丽的女孩可会再露灿烂笑容？
74,萤火之森,蛍火の杜へ,大森贵弘,剧情,2011-09-17,45分钟,暂无,"内山昂辉,佐仓绫音,后藤弘树",9.0,[],某年夏天，6岁小女孩竹川萤来到爷爷家度假，她闯进了传说住满妖怪的山神森林。正当她因为迷路而焦急万分的时候，一个戴着狐狸面具的大男孩出现在她面前，并引领着萤找到回家的路。虽然萤分外感激，可是男孩却禁止她碰触自己的身体，原来这名叫银的男孩并非人类，他一旦被人类碰触就会烟消云散。在此后的日子里，萤和银成为好朋友，他们走遍了森林的每一个角落玩耍。日复一日，年复一年，每到夏天的时候萤就会如约来到森林和好朋友见面。她遵守着和银的约定，无论如何也不碰触银的身体。随着年龄的增长，萤和银对彼此的情感都悄悄发生了变化，他们共同期待相聚的日子，共同期待拥抱对方…… 本片根据绿川幸的原作改编。
75,教父,The Godfather,弗朗西斯·福特·科波拉,剧情,2015-04-18,175分钟,暂无,"马龙·白兰度,阿尔·帕西诺,詹姆斯·肯恩",9.3,"['第45届奥斯卡金像奖', '第30届金球奖', '第45届奥斯卡金像奖', '第30届金球奖', '第26届英国电影和电视艺术学院奖', '第5届北京国际电影节', '第18届意大利大卫奖', '第12届美国剪辑工会奖', '第37届纽约影评人协会奖', '第25届美国导演工会奖']",40年代的美国，“教父”维托·唐·柯里昂（马龙·白兰度 饰）是黑手党柯里昂家族的首领，带领家族从事非法的勾当，但同时他也是许多弱小平民的保护神，深得人们爱戴。 因为拒绝了毒枭索洛索的毒品交易要求，柯里昂家族和纽约其他几个黑手党家族的矛盾激化。圣诞前夕，索洛索劫持了“教 父”的参谋汤姆，并派人暗杀“教父”；因为内奸的出卖，“教父”的大儿子逊尼被仇家杀害；小儿子麦克（阿尔·帕西诺 饰）也被卷了进来，失去爱妻。黑手党家族之间的矛盾越来越白热化。年老的“教父”面对丧子之痛怎样统领全局？黑手党之间的仇杀如何落幕？谁是家族的内奸？谁又能够成为新一代的“教父”？血雨腥风和温情脉脉，在这部里程碑式的黑帮史诗巨片里真实上演。
76,穿条纹睡衣的男孩,The Boy in the Striped Pajamas,马克·赫尔曼,剧情,2008-08-28,94分钟,905万美元,"阿沙·巴特菲尔德,维拉·法梅加,大卫·休里斯",9.0,"['第23届西班牙戈雅奖', '第11届英国独立电影奖', '第23届西班牙戈雅奖', '第11届英国独立电影奖']",1940年代的柏林，八岁的小男孩布鲁诺和同学在外面玩耍后回 到家里，发现家里正忙得不可开交。原来身为纳粹军官的父亲被升职将要调遣，母亲正在准备一次聚会。只不过布鲁诺一点儿也高兴不起来，父亲的新职务是在波兰的纳粹集中营，全家都要搬过去，这样他不得不离开心爱的家和伙伴们。一开始布鲁诺很难适应新的生活环境，很快就觉得无聊起来。没有同龄人陪他玩，母亲也禁止他到处走。倒是姐姐从来不讨厌跟他聊天，因为姐姐忙于摆弄自己的布娃娃，或者是跟父亲的同事——一位年轻英俊的男子聊天。布鲁诺从自己房间的窗户往外看，有一处很奇怪的农场，人们都穿着条纹睡衣在干活。正当他想试着多去了解一些的时候，又被警告不许接近那里。实际上就连母亲也不太清楚这里，她以为只是住在某个劳动营的隔壁，丈夫隐瞒了这里是杀人工厂 奥斯维辛集中营的真相。有一天布鲁诺在花园里玩的时候，不小心摔倒把膝盖碰伤了。在厨房干活的穿着条纹睡衣的帕维尔赶过来帮助他包扎了伤口。两人从此结为了好友。在房子周围晃悠了几周之后，布鲁诺终于决定越过界限来到了一个用电线网制成的围墙边，看到围墙的另一边有一个穿着条纹睡衣的男孩在用手推车倒碎石子。他很惊讶终于在这里发现了可以一起玩的同龄人，布鲁诺以后每天都要偷偷来这里和新朋友什穆埃尔见面。数周过去，布鲁诺对于自己的所见所闻愈加感到困惑，家人教导他所有 犹太人都是魔鬼而他与什穆埃尔的关系却越来越紧密。另一方面，父亲决定把他们和妈妈送到海德堡的姑姑那里去。一想到从此无法再见到这位最好的新朋友，布鲁诺感到很绝望。什穆埃尔告诉布鲁诺自己的父亲失踪了三天，布鲁诺决定利用最后的时间为他做些事情，于是也穿上了一件条纹睡衣，从一块松动的铁丝网下爬进集中营。然而，无情的命运却与小男孩布鲁诺开了一个天大的玩笑，他的生命也将从此划上句号  。
77,窃听风暴,Das Leben der Anderen,弗洛里安·亨克尔·冯·多纳斯马尔克,剧情,2006-03-23,137分钟,1129万美元,"乌尔里希·穆埃,塞巴斯蒂安·科赫,马蒂娜·格德克",9.0,"['第79届奥斯卡金像奖', '第64届金球奖', '第79届奥斯卡金像奖', '第64届金球奖', '第19届欧洲电影奖', '第61届英国电影和电视艺术学院奖', '第33届法国电影凯撒奖', '第59届洛迦诺国际电影节', '第56届德国电影奖', '第22届独立精神奖', '第25届鹿特丹国际电影节', '第10届英国独立电影奖', '第81届日本电影旬报奖', '第72届纽约影评人协会奖']",1984年11月的东德， 柏林围墙倒塌前5年，东德国家情报局“斯塔西”正以恐怖威权控制着人民。渴望升迁的东德秘密警察卫斯勒 （ 乌尔里希·穆埃 饰），奉命进驻了一栋华厦，秘密监控名剧作家德瑞曼 （ 塞巴斯蒂安·考奇 饰）和他的美丽女友——知名女伶西兰 （ 马蒂娜·戈黛特 饰）。 剧作家德瑞曼虽被怀疑撰写非法文章，“斯塔西”却苦无证据逮人。卫斯勒于是全天候监控德瑞曼和西兰的生活，期能尽快找出关键证据来。日夜不停进行窃听工作、完全没有自我生活的卫斯勒，却在不知不觉中，逐渐融入了德瑞曼和西兰多采多姿的生活。他不但私下对德瑞曼产生了友谊，更分享了德瑞曼和西兰之间的爱情与争执、秘密与谎言，而德瑞曼和西兰却浑然不觉。一场危险却超级精彩的情报角力自此展开  。
78,7号房的礼物,7번방의 선물,李焕庆,剧情,2013-01-23,127分钟,暂无,"柳承龙,郑镇荣,朴信惠",8.9,"['第34届韩国青龙电影奖', '第49届韩国百想艺术大赏', '第34届韩国青龙电影奖', '第49届韩国百想艺术大赏']",1997年，只有6岁儿童智商的智障男子李龙久（柳成龙 饰）和可爱的女儿艺胜（葛素媛 饰）相依为命，生活虽然简单清贫，却充满幸福。某天，执着为女儿买美少女战士书包的龙久意外卷入一起幼童诱拐奸杀案，而死者竟是警察局长的女儿。龙久懵懂无知，搞不清状况，昏头昏脑就被投入监狱。在7号牢房中，聚集着走私犯蘇杨浩（吴达洙 饰）、诈骗犯崔春浩（朴元尚 饰）、通奸犯姜万范（金正泰 饰）、恐吓犯老徐（金基灿 饰）和抢劫犯申奉植（郑万植 饰）等五毒俱全的“社会渣滓”。龙久孩子般纯洁的心渐渐感动了这几个“大坏蛋”，他们甚至不惜冒险将艺胜带入牢房与父亲相会。黑暗冰冷的监牢内，7号牢房阳光满满……
79,时空恋旅人,About Time,理查德·柯蒂斯,喜剧,2013-09-04,123分钟,暂无,"瑞秋·麦克亚当斯,多姆纳尔·格里森,比尔·奈伊",8.8,"['第4届北京国际电影节', '第40届土星奖', '第4届北京国际电影节', '第40届土星奖', '第61届圣塞巴斯蒂安国际电影节', '第34届伦敦影评人协会奖']",长到21岁的时候，蒂·姆雷克 （多姆纳尔·格里森饰演）突然得知自己有穿越时空的能力。在和往年一样不欢而散的新年派对之后，蒂姆的爸爸 （比尔·奈伊饰演）跟他坦诚布公：我们这个家族的男人，生来就有着穿越时空的神力。蒂姆虽然不能改变历史，但是他能够改变自己生命中发生过的和将要发生的一些小事，所以他决定运用自己的能力，让生活变得美好——说白了他是希望给自己找一个女朋友。然而，这并非像他相信中那么容易。蒂姆从康沃尔海岸搬到了伦敦，受训成为律师，在这里他终于遇上了一位漂亮但不那么自信的姑娘，名叫玛丽（ 瑞秋·麦克亚当斯 饰演）。两人相爱了。然而一次“穿越”当中，蒂姆不小心改变的一件小事就像像“蝴蝶效应”一样让他在将来生活中没有机会遇到玛丽。通过一次又一次的尝试，蒂姆一次又一次地和玛丽相遇，他终于赢得了她的心  。
80,借东西的小人阿莉埃蒂,借りぐらしのアリエッティ,米林宏昌,动画,2010-07-17,94分钟,暂无,"志田未来,神木隆之介,大竹忍",8.8,"['第34届日本电影学院奖', '第25届芝加哥影评人协会奖', '第34届日本电影学院奖', '第25届芝加哥影评人协会奖']",虽然患有心脏方面的疾病，但是少年翔（神木隆之介 配音）的父母依然对他疏于呵护。为了准备即将到来的手术，翔来到了位于偏远乡间的姨婆（竹下景子 配音）家静养。姨婆家位于一片幽静的丛林中，这是一幢有着上百年历史的欧式别墅。这里除了生活着姨婆和女佣阿春（树木希林 配音）外，还有一个奇特的三口之家，“借东西一族”——小人阿莉埃蒂（志田未来 配音）和她的爸爸（三浦友和 配音）妈妈（大竹忍 配音），他们生活在别墅的地板下，只有几公分高，过着不为人类察觉的生活。遇到所需的日常用品时，便会在夜深人静之时偷偷潜入厨房借出来。翔无疑中瞥见阿莉埃蒂的身影，他有心接近这些传说中的小人，却不知不觉打扰了他们的生活……
81,恐怖直播,더 테러 라이브,金秉宇,剧情,2013-07-31,97分钟,暂无,"河正宇,李璟荣,李大为",8.8,"['第34届韩国青龙电影奖', '第50届韩国百想艺术大赏', '第34届韩国青龙电影奖', '第50届韩国百想艺术大赏']",韩国首尔某个平凡的早上，广播电台Daily Topic节目的主持人尹英华（河正宇 饰）正就税率改革与听众进行连线，这时一个自称住在首尔昌信洞的普通工人朴鲁圭打入电话，大肆抱怨超高的电费和相关部门对他的威胁。尹英华颇不耐烦，以偏离主题为由强行切断电话。谁知连线无法单方面由电台方面中断，愤怒的朴鲁圭继续抱怨，并扬言炸掉汉江大桥。尹英华不以为然，进而怂恿对方想做就做，谁知话音刚落，窗外的麻浦大桥便炸作废墟。大惊失色的尹英华很快冷静下来，他决定利用这次难得的机会打一次事业的翻身仗。在他的主持下，针对恐怖分子的连线直播就此展开，无关良知的节目拉开帷幕……
82,英雄本色,A Better Tomorrow,吴宇森,剧情,2017-11-17,95分钟,3262万,"狄龙,张国荣,周润发",9.2,"['第6届香港金像奖', '第23届台湾电影金马奖', '第6届香港金像奖', '第23届台湾电影金马奖', '第4届北京国际电影节']",宋子豪（狄龙 饰）与Mark（周润发 饰）是一个国际伪钞集团之重要人物，也是情如手足的挚友。宋子豪之弟宋子杰（张国荣 饰）刚刚考入警官学校，其女友钟柔（朱宝意 饰）聪明敏慧，对子杰情深一片。一次，宋子豪带手下谭成（李子雄 饰）去台北与当地黑帮作伪钞交易。不料谭成早已勾结台北黑帮，出卖子豪。在一场枪战中宋子豪受伤，被闻讯而来的警察捕获入狱。Mark得知宋子豪被捕，孤身一人赴台北击毙黑帮头目，自己也身负重伤，艰难地逃离现场。与此同时，台湾黑帮唯恐子豪在狱中向警方泄密，派人至香港绑架子豪之父，混战中老父丧命。宋子豪的弟弟子杰得知兄长原为伪钞集团头目，老父为之而死，遂对子豪及黑社会恨之入骨，决心除暴安良。三年后，宋子豪出狱回到香港，决心弃暗投明，但得不到宋子杰的谅解。当年出卖宋子豪的谭成现已成为老大。他假惺惺地要求宋子豪合作，遭到拒绝，便设计加害宋子杰。宋子豪忍无可忍，联合Mark盗取谭成制造伪钞的电脑软盘，随即交给宋子杰。但同时佯称以软盘与谭成做交易，计划在交易时活捉谭成。岂料谭成早有准备，双方在码头展开枪战。这时，宋子杰也驾车赶来，激战中Mark不幸身亡。警察蜂拥而至，包围了码头。为了不连累宋子杰，宋子豪开枪击毙谭成后，从宋子杰身上取下手铐自缚，向警察自首。两兄弟终于言归于好。
83,海豚湾,The Cove,路易·西霍尤斯,纪录片,2009-07-31,92分钟,86万美元,"里克·奥巴瑞,路易·西霍尤斯,哈迪·琼斯",8.9,"['第82届奥斯卡金像奖', '第26届圣丹斯电影节', '第82届奥斯卡金像奖', '第26届圣丹斯电影节', '第18届悉尼电影节', '第49届美国剪辑工会奖', '第62届美国导演工会奖', '第8届华盛顿影评人协会奖', '第22届芝加哥影评人协会奖', '第18届东南影评人协会奖', '第14届圣地亚哥影评人协会奖']",日本和歌山县太地，是一个景色优美的小渔村，然而这里却常年上演着惨无人道的一幕。每年，数以万计的海豚经过这片海域，他们的旅程却在太地戛然而止。渔民们将海豚驱赶到靠近岸边的一个地方，来自世界各地的海豚训练师挑选合适的对象，剩下的大批海豚则被渔民毫无理由地赶尽杀绝。这些屠杀，这些罪行，因为种种利益而被政府和相关组织所隐瞒。理查德·贝瑞年轻时曾是一名海豚训练师，他所参与拍摄电影《海豚的故事》备受欢迎。但是，一头海豚的死让理查德的心灵受到强烈的震撼。从此，他致力于拯救海豚的活动。不顾当地政府和村民百般阻挠，他和他的摄影团队想方设法潜入太地的海豚屠杀场，只为将罪行公之于众，拯救人类可爱的朋友……
84,忠犬八公物语,ハチ公物語,神山征二郎,剧情,1987-08-01,107分钟,暂无,"仲代达矢,春川真澄,井川比佐志",9.0,"['第11届日本电影学院奖', '第11届日本电影学院奖']",1923年，日本秋田县大馆市天降大雪，近藤家纯种秋田犬产仔，赠与县土木科长间濑。后者将其中一犬转赠东京帝国大学教授上野秀次郎（仲代达矢 饰）驯养。上野的独生女千鹤子对此欢欣鼓舞，而上野夫妇却面露难色。后来，千鹤子（石野真子 饰）谈恋爱，竟怀了男友的孩子。男友专程登门造访。上野与之对谈，后者诚惶诚恐，坦言要对其女儿负责，事不宜迟，即日便举行婚礼，上野闻听此言，转怒为喜。千鹤子出嫁后，上野旋即把全部的心血与爱都投注在幼犬身上，并取名为阿八。每日上下班，阿八必在涩谷车站等候，一年四季，风雨无阻，令路人叹为观止，成为地方一道风景，主仆之情感动天地……
85,辩护人,변호인,杨宇硕,剧情,2013-12-18,127分钟,56万美元,"宋康昊,郭度沅,吴达洙",8.8,"['第35届韩国青龙电影奖', '第50届韩国百想艺术大赏', '第35届韩国青龙电影奖', '第50届韩国百想艺术大赏', '第51届韩国电影大钟奖', '第40届韩国电影大钟奖', '第8届亚洲电影大奖']",1978年，只有高中学历的宋佑硕（宋康昊 饰）通过多年的艰苦努力，终于通过司法考试，并在成为法官后很快转行成为一名律师。他敏锐地从最新政策中嗅到商机，以不动产代书业务起家。虽然被同行讥讽为随时随地派发名片的夜店小弟，但佑硕不以为忤，一步一步朝着心中的目标迈进。他依靠赚来的钱让妻儿过上富足的生活，也还了七年前在饭店大婶那里欠下的良心债。进入20世纪80年代，韩国民主化斗争愈演愈烈。佑硕全然不管窗外事，关起门来继续赚钱。然而社会的巨变已经不容他置身事外，饭店大婶的儿子朴镇宇因从属的釜山读书联合会被控为左翼社团而遭到逮捕，更受到残酷的虐待和不公的指控。虽然爱钱却更重感情的佑硕，就这样走上了为民主辩护的道路……
86,完美的世界,A Perfect World,克林特·伊斯特伍德,剧情,1993-11-24,138分钟,3113万美元,"凯文·科斯特纳,克林特·伊斯特伍德,T·J·劳瑟",8.9,[],单亲孩子菲利普·佩里（T·J·劳瑟 饰）的母亲对他管教甚严，8岁的小菲利普甚至从未参加过一次鬼节讨糖果的游戏。附近州监狱的两名罪犯越狱成功，劫持了菲利普作为人质，向德州边界逃窜。途中，罪犯之一的布奇（凯文·科斯特纳 饰）干掉了鲁莽愚蠢的同伙，却对小菲利普照顾有佳。与此同时，德州警探瑞德（克林特·伊斯特伍德 饰）带着手下和州长特派的犯罪专家萨利（劳拉·邓恩 饰）一同火速追捕布奇。双方在德克萨斯州境内展开了一场公路赛大竞技；而小菲利普也经历了很多从未想过过的刺激与快乐，并与布奇产生了一种近似父子的不寻常感情……
87,上帝之城,Cidade de Deus,卡迪亚·兰德,剧情,2002,130分钟,756万美元,"亚历桑德雷·罗德里格斯,艾莉丝·布拉加,莱安德鲁·菲尔米诺",8.9,"['第76届奥斯卡金像奖', '第60届金球奖', '第76届奥斯卡金像奖', '第60届金球奖', '第15届东京国际电影节', '第15届欧洲电影奖', '第56届英国电影和电视艺术学院奖', '第25届多伦多国际电影节', '第5届北京国际电影节', '第19届独立精神奖', '第6届英国独立电影奖', '第68届纽约影评人协会奖']",巴西里约热内卢的贫民窟，这里是“上帝之城”，更是魔鬼也会叹息着转身的地方。阿炮（亚历山大·罗德里格斯 饰）带着我们到了这里，他见证了这里二十多年来被残暴、贪婪、复仇、野心、背叛、掠夺所裹挟的混乱生活以及最终导致的一场灾难性的黑帮争斗。虽然从小就要辗转于匪徒间求生存，但胆小怕事的性格与自我保护的本能却使他一直能平安度日。60年代初，阿毛、阿夹和阿呆是这里的“少年三侠”，在抢劫完旅馆之后，他们三人分道扬镳，阿夹重回上帝的怀抱，而阿呆和阿毛纷纷付出了生命的代价。70年，当年“少年三侠”手下的小弟小豆子（道格拉斯·席尔瓦 饰）靠着自己的心狠手辣，不停地吞并别人的地盘，成为了贫民区的“小霸王”，生意也从抢劫升级到了更为暴利的毒品买卖，和他一起飞黄腾达的还有班尼（Phellipe·哈根森 饰）。班尼认识了美丽的安迪丽卡（艾莉丝·布拉加 饰），准备归隐，在送别的晚会上，他意外被对头杀害，悲痛之下，“小霸王”集合人手给班尼报仇，帮派之间的厮杀就此开始。此时的阿炮，机缘巧合下成为了杂志社的见习摄影师，他的相机，照下的却是孩子们持枪核弹的狰狞，和帮派间无休无止的仇杀。
88,美国往事,Once Upon a Time in America,赛尔乔·莱翁内,剧情,2015-04-23,229分钟,532万美元,"罗伯特·德尼罗,詹姆斯·伍兹,伊丽莎白·麦戈文",9.1,"['第42届金球奖', '第38届英国电影和电视艺术学院奖', '第42届金球奖', '第38届英国电影和电视艺术学院奖', '第8届日本电影学院奖', '第5届北京国际电影节', '第41届土星奖', '第30届意大利大卫奖', '第58届日本电影旬报奖']",二十年代的美国，纽约少年“面条”（罗伯特·德尼罗 饰）和几个同龄朋友一起认识了聪明狡黠的“麦大”（詹姆斯·伍兹 饰），他们开始从事走私活动。不久，面条在一场械斗中杀伤人命，被关进监牢。若干年后，“面条”出狱，当时的小伙伴们已经变成了健壮的青年人，在“麦大”的带领下，他们开始了一系列抢劫、盗窃、敲诈活动。随着犯罪活动的不断深入，“麦大”似乎被胜利冲昏了头脑，竟然把美国联邦储备银行也列入了行动目标。“面条”不忍眼看好友走向毁灭，偷偷打电话报警，想逼迫“麦大”收手。警察与“面条”的朋友展开激烈枪战，“麦大”等人全部被杀。“面条”带着深深的悔恨和痛苦，离开纽约，回到年少时生长的地方。三十五年过去了，几近垂暮的“面条”重新回到纽约的伤心地，他遇见了少时的朋友和旧情人，而当年“麦大”他们的死，背后竟然包含着出乎意料的阴谋。
89,七武士,七人の侍,黑泽明,剧情,1954-04-26,207分钟,暂无,"三船敏郎,志村乔,千秋实",9.1,"['第29届奥斯卡金像奖', '第15届威尼斯电影节', '第29届奥斯卡金像奖', '第15届威尼斯电影节']",日本战国时代，一小山村面临着山贼的威胁，为了保护秋天的收成，村中长老决定让去请武士来保护村子安全，但只能拿出的报酬是一天三顿的白米饭。在城里，他们遭到了武士白眼甚至被打。直到勘兵卫（志村乔 饰）的出现，他现今已沦为浪人，几经考虑最后答应了。他对农民说至少需要七名武士，于是久藏（宫口精二 饰）、胜四郎（木村功 饰）、五郎（稻叶义男 饰）、七郎（加东大介 饰）、平八（千秋实 饰）和菊千代（三船敏郎 饰）等六人也加入了队伍，七个人肩负保卫村子的任务。整个防御准备的过程中，武士与农民间发生许多摩擦也闹出不少笑话。而在一次偷袭行动中，有武士为救农民被火枪打死，很快山贼的反扑随之而来，一场恶战即将开始。
90,一一,Yi yi: A One and a Two,杨德昌,剧情,2000-05-15,173分钟,暂无,"吴念真,金燕玲,李凯莉",8.9,"['第53届戛纳电影节', '第21届香港金像奖', '第53届戛纳电影节', '第21届香港金像奖', '第10届华语电影传媒大奖', '第2届华语电影传媒大奖', '第1届华语电影传媒大奖']",NJ（吴念真 饰）是个很有原则的生意人，同妻子敏敏（金燕玲 饰）、女儿婷婷（李凯莉 饰）、儿子洋洋（张杨洋饰）以及外婆住在台北某所普通公寓里。小舅子的一场麻烦婚礼过后，因为外婆突然中风昏迷，他迎来更加混乱的日子。敏敏公司、家里两头跑，时常感觉自己要被耗空；婷婷一直为外婆的中风内疚，恋爱谈到中途发现自己不过是替代品；NJ更是麻烦重重，公司面临破产，他又不愿放下别人眼里一文不值的自尊。一家人里，似乎只有洋洋没有烦恼，他平静地用照相机拍着各种人的背面，帮他们长出另一双眼睛，然而，洋洋简简单单的一句话，道出更深的悲凉。
91,龙猫,となりのトトロ,宫崎骏,动画,2018-12-14,86分钟,1.74亿,"秦岚,糸井重里,岛本须美",9.1,"['第31届日本电影蓝丝带奖', '第62届日本电影旬报奖', '第31届日本电影蓝丝带奖', '第62届日本电影旬报奖', '第13届报知映画赏']",小月（日高法子 配音）的母亲（岛本须美 配音）生病住院了，父亲（糸井重里 配音）带着她与四岁的妹妹小梅（坂本千夏 配音）到乡间居住。她们对那里的环境都感到十分新奇，也发现了很多有趣的事情。她们遇到了很多小精灵，她们来到属于她们的环境中，看到了她们世界中很多的奇怪事物，更与一只大大胖胖的龙猫（高木均 配音）成为了朋友。龙猫与小精灵们利用他们的神奇力量，为小月与妹妹带来了很多神奇的景观，令她们大开眼界。妹妹小梅常常挂念生病中的母亲，嚷着要姐姐带着她去看母亲，但小月拒绝了。小梅竟然自己前往，不料途中迷路了，小月只好寻找她的龙猫及小精灵朋友们的帮助。
92,爱·回家,집으로...,李廷香,剧情,2002-04-05,80分钟,45万美元,"俞承豪,金艺芬,童孝熙",9.0,"['第22届香港金像奖', '第22届香港金像奖']",坐完火车，又坐汽车，再走弯弯的山路，妈妈领着7岁的相宇去外婆家。作为单身母亲的她为了方便找工作暂时把相宇留在那里。相宇的外婆不能说话，也不识字，而一直生活在可乐、电子游戏和溜冰鞋世界里的相宇，刚开始无法适应连游戏机、电池都没有得卖的农村生活，他开始表现自己的不满，为了买电池，相宇偷走外婆的银头簪拿去卖；相宇还不顾在一旁缝袜子的外婆，在地板上玩起了溜冰。有一天，想吃炸鸡的相宇通过各种手势，终于成功向外婆表达了自己的意愿，而外婆只理解到鸡肉，做出来的是“泡在水里的鸡”———炖鸡，相宇很生气，推翻了饭碗。面对这一切外婆唯一的表示就是不停用手势表示对不起，因为连买电子游戏机电池的钱都给不起，因为不能满足相宇想吃炸鸡的要求而对不起。
93,阿飞正传,Days of Being Wild,王家卫,剧情,2018-06-25,94分钟,1974万,"张国荣,张曼玉,刘德华",8.8,"['第10届香港金像奖', '第28届台湾电影金马奖', '第10届香港金像奖', '第28届台湾电影金马奖', '第13届南特三大洲电影节']",英俊不凡的旭仔阿飞 （张国荣饰）是上海移民，他从未见过生母，自小由养母 （潘迪华饰）养大，因此长大后他对生命中遇到的每一个女人都冷酷无情。放荡不羁的他先后与南华体育会售票员苏丽珍 （张曼玉饰）和舞女咪咪 （刘嘉玲饰）同居，但后来又相继抛弃了她们。旭仔从养母处得知，自己原是混着西班牙和菲律宾贵族血统的私生子旭仔决要找到生母，为此他只身前往菲律宾，可是生母拒见，带着怨恨离开。旭仔在离开香港前，将车子给予歪仔 （张学友饰）。咪咪发现旭仔走了，问歪仔知不知道他在那里，歪仔告诉她旭仔去了菲律宾，并将旭仔的车子卖掉，将钱给她去菲律宾找旭仔。一直暗恋苏丽珍的警察超仔 （刘德华饰）目睹了苏丽珍与旭仔的决裂，并在母亲死后，决定改行去跑船。超仔在菲律宾唐人街又遇上了旭仔，不过他假装自己不认识他。不久，旭仔因为买卖假护照而在一场殴斗中身负重伤，超仔问他记不记得某年4月16日下午3时他在做什么，旭仔说要记得的他永远记得，但是他叫超仔告诉苏丽珍他已经不记得了。最后他守着死在一列异国火车上的旭仔。在这同时，另一个阿飞 （梁朝伟饰）精心打理自己准备出门，继续上演着无脚鸟的故事  。
94,我爱你,그대를 사랑합니다,秋昌旼,剧情,2011-02-17,118分钟,暂无,"宋在浩,李顺才,尹秀晶",9.0,"['第48届韩国电影大钟奖', '第48届韩国电影大钟奖']",每天清晨骑着摩托车送牛奶的金万石嘴边总是挂着脏话，但其实是个热心肠的人。有一天，万石在上坡的时候偶遇了靠收废纸为生，孤独且艰辛的宋怡芬，并在孙女金妍儿的穿针引线下，对她产生了特殊的感情。在停车场工作的张君峰的妻子患有老年痴呆症。他每天早出晚归工作，回到家后就尽心照顾妻子。然而妻子却将不久于人世。君峰深爱着自己的妻子，因此悲痛无比。他想帮妻子减轻痛苦，同时他也无法接受没有妻子陪伴的日子，最后决定同妻子一起离开这个世界。他将门窗仔细封好，坐在妻子身边，笑着对她说一起走过了这么长的一辈子，下辈子还要娶她，妻子摇摇头说你永远都在为我付出而我却不能为你做什么，我不能再拖累你了。躺在妻子身边，握着她的手，平静地等待最后时刻的到来。老友夫妇的死对怡芬触动很大，她深爱着万石，不想失去他，但他已临近生命的终点，她不能承受死亡将他们分开，思虑再三，决定自己独自带着最美好的回忆回到老家，慢慢老去。万石起先无法接受，后来还是理解了她的选择，并决定送她回家。在她的老宅前，两人互相望着对方，千言万语都包含在着最后的凝望中。两人唯一的一次拥抱，深深的一抱，不禁都老泪纵横。随着握着的双手渐渐地分开，一段恋情就此慢慢地飘散开来，又在两人的心中汇聚，尘封在记忆之中。弥留之际，万石仿佛看到自己骑着摩托，来到怡芬的老宅前，载着她越过田野，越过山谷，越过天空，去往他们的天堂。老人带着一脸的满足，微笑着离去。
95,海洋,Océans,雅克·贝汉,纪录片,2011-08-12,104分钟,2675万,"雅克·贝汉,姜文,兰斯洛特·佩林",8.9,"['第36届法国电影凯撒奖', '第1届北京国际电影节', '第36届法国电影凯撒奖', '第1届北京国际电影节']","影片讲述了热爱动物又充满幻想的十岁男孩方小奇，由于父母常年在外工作，所以只能在爷爷工作的“极地海洋世界”里度过自己的童年。值得庆幸的是，“海洋世界”里千姿百态的各种海洋动物，让小奇的生活充满了欢乐和幸福。    一天晚上，远在北极的爸爸给小奇来的一封信又使他失望了,信中说我们的科考工作还没完成，因此不能回来给你过生日了。小奇非常难过，便拿着爸爸的信独自来到海豚池边偷偷哭泣。就在这个时候，奇迹发生了！那只平时就跟小奇很要好的小海豚琪琪，突然开口和他‘说话’了！它告诉小奇，它也很难过，天天思念自己的爸爸。两颗心，因为同一种情感被紧紧地联系在一起。    小奇从饲养员那里得知，琪琪是被人类从大海里救回来的。当年它爸爸为了保护它，在和鲨鱼拼搏中受了重伤，现在还不知是生还是死。琪琪的悲惨经历，让小奇决心帮助琪琪找到它的爸爸。    就在小奇和同学们努力准备的时候，琪琪却突然病了。望着不吃不喝的“好朋友”，小奇流下了眼泪。他知道，琪琪的病是因为它见不到爸爸而造成的！情急之下，小奇和维维、洋洋等好朋友把琪琪从“海洋世界”偷运出去，可就在他们的行动将要成功的时候，却被饲养员发现了。小奇不仅被平日里非常疼爱他的爷爷怒斥，还被禁止再来海豚池看琪琪！小奇又气又急，终于也发起了高烧。    小奇怎么也不知道，他和琪琪之间的友谊，他为“海洋朋友”所做的一切努力，同样也打动了一些人的心，他们正在为琪琪重归大海，重见爸爸而暗暗努力着。一段关于人与动物、亲情与友谊、爱与理解的美丽故事，正在那个如梦如幻的海洋世界里上演着……"
96,黄金三镖客,"Il buono, il brutto, il cattivo.",赛尔乔·莱翁内,西部,1966-12-23,161分钟,2510万美元,"克林特·伊斯特伍德,李·范·克里夫,埃里·瓦拉赫",8.9,[],故事发生在美国南北战争时期。图科（埃里·瓦拉赫 饰）是一个图财害命的江洋大盗，因此他被镇上悬赏通缉。布兰迪（克林特·伊斯特伍德  饰）是一个除暴安良的牛仔，他无意中抓住了图科，但嫌赏金不够又掳走了他。在荒漠中，布兰迪惩罚图科让其自生自灭。但是诡诈的图科居然逃过了一劫，并纠集一些帮凶在客栈捉住了布兰迪。正当图科以牙还牙折磨布兰迪的时候，他劫持了一个名叫卡森的士兵。后者临死前留下了宝藏的秘密，图科和布兰迪分别获得了一半信息。与此同时，一个狡猾的杀手桑坦萨（李·范·克里夫 饰）也通过其他渠道发现了宝藏的秘密。于是，在寻宝的道路上，三个人使出浑身解数，上演了一场场对决的好戏……
97,迁徙的鸟,The Travelling Birds,雅克·贝汉,纪录片,2001-12-12,98分钟,暂无,"雅克·贝汉,PhilippeLabro",9.1,"['第75届奥斯卡金像奖', '第15届欧洲电影奖', '第75届奥斯卡金像奖', '第15届欧洲电影奖', '第27届法国电影凯撒奖', '第17届西班牙戈雅奖']",当鸟儿用羽翼去实现梦想，翱翔在我们永远无法凭借自身企及的天空，人类又该赋予他们怎样的赞叹呢？“鸟的迁徙是一个关于承诺的故事，一种对于回归的承诺。”雅克·贝汉以这样一句话带我们踏上了鸟与梦飞行之旅。
98,千与千寻,千と千尋の神隠し,宫崎骏,动画,2019-06-21,125分钟,4.88亿,"柊瑠美,周冬雨,入野自由",9.3,"['第75届奥斯卡金像奖', '第52届柏林国际电影节', '第75届奥斯卡金像奖', '第52届柏林国际电影节', '第21届香港金像奖', '第15届欧洲电影奖', '第57届英国电影和电视艺术学院奖', '第25届日本电影学院奖', '第28届法国电影凯撒奖', '第30届安妮奖', '第29届土星奖', '第6届英国独立电影奖', '第44届日本电影蓝丝带奖', '第75届日本电影旬报奖', '第67届纽约影评人协会奖', '第26届报知映画赏']",千寻和爸爸妈妈一同驱车前往新家，在郊外的小路上不慎进入了神秘的隧道——他们去到了另外一个诡异世界—一个中世纪的小镇。远处飘来食物的香味，爸爸妈妈大快朵颐，孰料之后变成了猪！这时小镇上渐渐来了许多样子古怪、半透明的人。千寻仓皇逃出，一个叫小白的人救了他，喂了她阻止身体消失的药，并且告诉她怎样去找锅炉爷爷以及汤婆婆，而且必须获得一份工作才能不被魔法变成别的东西。千寻在小白的帮助下幸运地获得了一份在浴池打杂的工作。渐渐她不再被那些怪模怪样的人吓倒，并从小玲那儿知道了小白是凶恶的汤婆婆的弟子。一次，千寻发现小白被一群白色飞舞的纸人打伤，为了救受伤的小白，她用河神送给她的药丸驱出了小白身体内的封印以及守封印的小妖精，但小白还是没有醒过来。为了救小白，千寻又踏上了她的冒险之旅。
99,海上钢琴师,La leggenda del pianista sull&#39;oceano,朱塞佩·托纳多雷,剧情,2019-11-15,126分钟,1.44亿,"蒂姆·罗斯,比尔·努恩,克兰伦斯·威廉姆斯三世",9.3,"['第57届金球奖', '第12届欧洲电影奖', '第57届金球奖', '第12届欧洲电影奖', '第4届北京国际电影节', '第44届意大利大卫奖']",1900年的第一天，往返于欧美两地的邮轮Virginian号上，负责邮轮上添加煤炭的工人丹尼·博德曼 （比尔·努恩饰）在头等舱上欲捡拾有钱人残留下来的事物时，却意外的在钢琴上发现一个被遗弃的新生儿，装在TD牌柠檬的空纸箱内。由于坚信“TD”正代表了Thanks Danny的缩写，于是丹尼不顾其他工人的嘲笑，独立抚育这个婴儿，并为了纪念这特别的一天，将他取名为：1900。海上出生的1900 （蒂姆·罗斯饰），在陆地上却是个从未存在的人，没有亲人、没有户籍，也没有国籍，大海便是他的摇篮，而他也随着Virginian号往返靠泊各个码头，逐渐长大。然而好景不常，一次的海上意外事件，造成抚养1900的丹尼意外丧生，幸而奇迹似的，某天深夜船上的众人被优美的琴声所惊醒，循着琴声而往，居然是无师自通的1900在钢琴前忘我的演奏着，动人的旋律打动了众人，从此，1900展开了在海上弹奏钢琴的旅程，也吸引了愈来愈多慕名而来的旅客。 　　马克斯 （ 普路特·泰勒·文斯 饰）在因缘际会下来到Virginian号加入乐队伴奏，也因此见识到这位传说中的海上钢琴师1900，两人因此结为好友。而1900在与发明爵士乐的传奇钢琴手杰利同船竞技钢琴琴艺之后，声势更是如日中天。但尽管马克斯再三鼓励1900下船去向全世界展露他的天赋，1900却始终未曾踏足陆地一步。直到他在为唱片公司录制个人专辑时，意外见到船舱之外清秀动人的女孩，并在感动之余创作了《1900&#39;s Theme》。随着女孩的下船离去，1900的心开始波动  。
100,美丽人生,La vita è bella,罗伯托·贝尼尼,战争,2020-01-03,116分钟,5981万,"罗伯托·贝尼尼,尼可莱塔·布拉斯基,乔治·坎塔里尼",9.3,"['第71届奥斯卡金像奖', '第51届戛纳电影节', '第71届奥斯卡金像奖', '第51届戛纳电影节', '第50届戛纳电影节', '第11届欧洲电影奖', '第52届英国电影和电视艺术学院奖', '第23届日本电影学院奖', '第21届多伦多国际电影节', '第24届法国电影凯撒奖', '第14届西班牙戈雅奖', '第43届意大利大卫奖', '第21届蒙特利尔国际电影节', '第2届英国独立电影奖', '第42届日本电影蓝丝带奖', '第51届美国导演工会奖', '第5届美国演员工会奖']",犹太青年圭多（罗伯托·贝尼尼 饰）邂逅美丽的女教师朵拉（尼可莱塔·布拉斯基 饰），他彬彬有礼的向多拉鞠躬：“早安！公主！”历经诸多令人啼笑皆非的周折后，天遂人愿，两人幸福美满的生活在一起。然而好景不长，法西斯政权下，圭多和儿子被强行送往犹太人集中营。多拉虽没有犹太血统，毅然同行，与丈夫儿子分开关押在一个集中营里。聪明乐天的圭多哄骗儿子这只是一场游戏，奖品就是一辆大坦克，儿子快乐、天真的生活在纳粹的阴霾之中。尽管集中营的生活艰苦寂寞，圭多仍然带给他人很多快乐，他还趁机在纳粹的广播里问候妻子：“早安！公主！”法西斯政权即将倾覆，纳粹的集中营很快就要接受最后的清理，圭多编给儿子的游戏该怎么结束？他们一家能否平安的度过这黑暗的年代呢？
