职位,公司名称,工作地点,薪资,发布时间
Python高级开发工程师（爬虫）,深圳市菲凡数据科技有限公司,深圳-福田区,2-3万/月,03-17
开发工程师（爬虫方向）,植美村,广州-天河区,1-1.5万/月,03-17
爬虫工程师,中软国际科技服务有限公司,北京-海淀区,1-1.5万/月,03-17
数据爬虫工程师,稳健医疗用品股份有限公司,深圳,1.5-2万/月,03-17
python爬虫工程师,深圳筑龙信息技术有限责任公司,深圳-福田区,0.8-1.5万/月,03-17
爬虫开发工程师（会java）,成都迈思信息技术有限公司,深圳,1-1.5万/月,03-17
Python爬虫工程师,杭州筑龙信息技术股份有限公司,杭州-滨江区,1-1.5万/月,03-17
Python爬虫工程师,广州特道信息科技有限公司,广州,6.5-8千/月,03-17
Java爬虫开发工程师,上海冠勇信息科技有限公司,上海-闵行区,1-2万/月,03-17
初级爬虫工程师,杭州深绘智能科技有限公司,成都-双流区,1-1.5万/月,03-17
爬虫开发工程师,天宇正清科技有限公司,北京-石景山区,1.5-2.5万/月,03-17
爬虫专家,上海天洪信息技术有限公司,上海-闵行区,2.5-3万/月,03-17
软件开发工程师（网络爬虫方向）(J10619),中移（苏州）软件技术有限公司,苏州-高新区,2-2.5万/月,03-17
链家/贝壳业务数据分析/数据运营专员/政策研究/爬虫,广州市链家房地产代理有限公司,广州-越秀区,6-8千/月,03-17
python爬虫工程师,雷特网络科技有限公司,深圳-龙华新区,1.5-3万/月,03-17
业务爬虫工程师(TP0001),万得信息技术股份有限公司（Wind资讯）,南京-建邺区,,03-17
Java爬虫工程师,四川省伍泰建设有限公司,成都-武侯区,4-8千/月,03-17
爬虫工程师,苏州隆力奇创客联盟贸易有限公司,苏州-工业园区,0.8-1.5万/月,03-17
Python爬虫开发工程师,广州金科企业征信有限公司,广州-天河区,0.6-1万/月,03-17
python爬虫数据开发工程师,营软数据（厦门）医药有限公司,厦门,0.8-1.5万/月,03-17
网络爬虫高级工程师,厦门市直播吧信息技术有限公司,厦门,1-1.5万/月,03-17
爬虫开发工程师,广州时易中信息科技有限公司,广州-荔湾区,0.8-1万/月,03-17
爬虫开发工程师,上海欧锐信息咨询有限公司,上海-杨浦区,1-1.5万/月,03-17
Python爬虫开发工程师,深圳市光逸科技创新有限公司,深圳-福田区,1.8-2.3万/月,03-17
爬虫开发工程师（国外网站）,广州首创服饰有限公司,广州-海珠区,1-1.5万/月,03-17
爬虫工程师,奇虎360科技有限公司,北京,2.5-3万/月,03-17
python爬虫工程师,智线云科技（北京）有限公司武汉分公司,武汉-洪山区,0.8-1.5万/月,03-17
网络爬虫工程师,安徽博约信息科技股份有限公司,合肥-高新区,6-8.9千/月,03-17
爬虫开发工程师,凌旭科技,苏州-工业园区,0.8-1万/月,03-17
爬虫开发工程师,深圳市诺维尔科技互联网有限公司,深圳-福田区,1-1.5万/月,03-17
中级爬虫,北京友聚四海网络科技有限公司,北京-朝阳区,2.5-3万/月,03-17
python程序员(分布式爬虫开发),斯氏(杭州)新媒体科技有限公司,杭州-上城区,1-2.5万/月,03-17
Python开发工程师/前端/爬虫,深圳市宇达计算机有限公司,深圳-南山区,4.5-6千/月,03-17
易盾-爬虫工程师,网易集团,杭州,4-5万/月,03-17
python爬虫工程师,中赢智数（广东）科技有限公司,广州-南沙区,5-7千/月,03-17
Python爬虫工程师,成都健数科技有限公司,成都-高新区,6-8千/月,03-17
爬虫开发工程师,西安先驱电子科技有限公司,西安,4.5-6千/月,03-17
大数据爬虫工程师,广州市景心科技股份有限公司,广州,1-1.5万/月,03-17
中级爬虫,北京三六九数动科技有限公司,北京-朝阳区,1-1.5万/月,03-17
python爬虫开发工程师,深圳万拓科技创新有限公司,深圳-南山区,1-1.5万/月,03-17
爬虫开发工程师,广州淘通科技股份有限公司,广州-天河区,1-1.5万/月,03-17
爬虫开发工程师,厦门蒙友互联软件有限公司,厦门,0.6-1万/月,03-17
Python 爬虫工程师（薪智）,上海易路软件有限公司,上海-闵行区,1.5-2万/月,03-17
爬虫开发工程师（Java）,广州数说故事信息科技有限公司,广州-天河区,1.6-2万/月,03-17
高级爬虫工程师,深圳中泓在线股份有限公司,深圳,1.5-2.5万/月,03-17
15K+中高级爬虫工程师+双休五险,长沙紫檀数据科技有限公司,长沙-岳麓区,1-1.5万/月,03-17
爬虫工程师,上海掌越科技有限公司,上海,2-2.5万/月,03-17
Java开发实习生（往爬虫方向）,广州比地数据科技有限公司,广州-天河区,1.5-2千/月,03-17
中高级爬虫工程师,成都品宏源创科技有限公司,深圳-南山区,2.5-3万/月,03-17
爬虫/大数据实习生,静瞳海外投资顾问（深圳）有限公司,深圳-福田区,4.5-6千/月,03-17
爬虫开发工程师,山西八建集团有限公司广东分公司,广州-番禺区,4.5-8千/月,03-17
爬虫开发工程师(R10112),苏州贝尔塔数据技术有限公司,苏州-工业园区,1-1.5万/月,03-17
爬虫开发工程师,躺平设计家（上海）科技有限公司,上海-浦东新区,2-5万/月,03-17
Python爬虫工程师,福韵数据服务有限公司,长沙-雨花区,0.8-1万/月,03-17
爬虫大数据挖掘分析工程师,超级播（上海）文化传媒有限公司,上海,1.5-3万/月,03-17
Python爬虫工程师,集商网络科技（上海）有限公司,上海,1-1.5万/月,03-17
爬虫开发工程师,深圳市时光轴科技有限公司,深圳-龙岗区,0.8-1.4万/月,03-17
爬虫开发工程师,广州久邦世纪科技有限公司,广州-越秀区,1.2-2万/月,03-17
爬虫工程师,广州创优新品科技有限公司,广州-天河区,1.5-2万/月,03-17
爬虫开发工程师,广州寄锦教育科技有限公司,广州-天河区,1-1.5万/月,03-17
高级爬虫工程师 (MJ000129),虎扑,上海-虹口区,2-3万/月,03-17
JAVA爬虫工程师,深圳市泽宝创新技术有限公司,深圳-龙岗区,1.1-1.8万/月,03-17
爬虫开发工程师,大连半岛天空商旅服务有限公司,大连-高新园区,1-1.5万/月,03-17
Python爬虫工程师,深圳市恒扬数据股份有限公司,深圳,1-2万/月,03-17
Python爬虫工程师,创业伞投资有限公司,上海-杨浦区,1-1.5万/月,03-17
爬虫程序员（数据统计）,泉州皇尚贸易有限公司,泉州,4.5-6千/月,03-17
爬虫工程师（python）,重庆大司空信息科技有限公司,重庆-渝北区,0.6-1.2万/月,03-17
高级爬虫工程师,深圳市英驰贸易科技有限公司,深圳-龙华新区,1.3-1.8万/月,03-17
高级爬虫工程师,广州市誉能信息科技有限公司,广州-番禺区,1.3-2万/月,03-17
Java开发工程（爬虫方向）,大参林医药集团股份有限公司,广州,0.8-1万/月,03-17
Python数据抓取爬虫抓取,深圳市茂邑通信息科技有限公司,苏州,6-8千/月,03-17
爬虫技术工程师,美途天下（深圳）控股有限公司,深圳-南山区,1.3-2万/月,03-17
爬虫工程师,杭州腾展科技股份有限公司,杭州-西湖区,1.2-2.5万/月,03-17
爬虫开发工程师,广东博士科技有限公司,广州-黄埔区,6-8千/月,03-17
爬虫开发工程师,海南太美航空股份有限公司,海南省,6-8千/月,03-17
资深爬虫工程师,上海优克锡企业管理顾问有限公司,上海-浦东新区,2-3.5万/月,03-17
爬虫研发工程师,重庆中链融科技有限公司,重庆-巴南区,1-1.5万/月,03-17
Python高级爬虫开发工程师,深圳市蜂窝数据信息技术有限公司,深圳-宝安区,1-1.5万/月,03-17
Java开发工程师(慎投必须会爬虫）,深圳市蓝思网络技术有限公司,深圳,0.8-1.3万/月,03-17
中高级爬虫岗,成都搜江湖科技信息有限公司,成都-金牛区,0.8-1.2万/月,03-17
Python爬虫开发工程师,深圳市中诚金服信息科技管理有限公司,深圳-福田区,1-1.5万/月,03-17
爬虫开发工程师,深圳市北斗快迅科技有限公司,深圳-龙华新区,1.5-2万/月,03-17
爬虫工程师（南京）-开放平台部,中移物联网有限公司,异地招聘,0.8-1.2万/月,03-17
爬虫工程师,完美世界成都公司,重庆,1.2-2万/月,03-17
飞猪技术部-高级 爬虫工程师/爬虫专家-杭州,阿里巴巴集团,杭州,,03-17
爬虫开发工程师,广州金十信息科技有限公司,广州,1-2万/月,03-17
爬虫开发工程师,上海视畅信息科技有限公司,上海-浦东新区,1.2-2万/月,03-17
爬虫实习生,火石创造（医健产业大数据）,杭州-滨江区,150元/天,03-16
爬虫工程师,医药魔方,异地招聘,1-2万/月,03-16
爬虫开发工程师,安徽中经信用评价有限公司,合肥-蜀山区,4-8千/月,03-16
高级爬虫开发工程师(双休五险一金),南京涌亿思信息技术有限公司,南京-秦淮区,1-1.5万/月,03-16
数据与网络爬虫工程师,成都富盈瑞吉投资咨询有限责任公司,成都-高新区,1.2-2.4万/月,03-16
中高级爬虫工程师,成都品宏源创科技有限公司,成都-高新区,2-2.5万/月,03-16
爬虫开发工程师,深圳前海思空传媒有限公司,深圳-南山区,1-1.5万/月,03-16
Python爬虫工程师,天津市淇奥科技发展有限公司,北京-朝阳区,0.8-1万/月,03-16
爬虫开发工程师,湖南新星咨询集团,长沙,6-8千/月,03-16
爬虫开发工程师,换换集团,深圳-南山区,0.8-1.3万/月,03-16
( [ python爬虫开发工程师 ] ),西安山海鲲鸿信息科技有限公司,西安-新城区,4.5-8千/月,03-16
java爬虫开发工程师（双休+奖金）,邯郸市辰星网络科技有限公司,石家庄,4.5-8千/月,03-16
( [ java爬虫开发工程师 ] ),成都指玩科技有限公司,成都-武侯区,4.5-8千/月,03-16
爬虫开发工程师,广州逸仙电子商务有限公司,广州-海珠区,1.8-2.3万/月,03-16
爬虫工程师,武汉国信创新科技有限公司,武汉-东湖新技...,6-8千/月,03-16
爬虫开发工程师,四川千百年科技有限公司,成都-高新区,0.8-1.2万/月,03-16
爬虫开发工程师,杭州世正公共设施管理股份有限公司,杭州-拱墅区,0.6-1万/月,03-16
网络爬虫工程师 java,上海蜜度信息技术有限公司,上海,0.8-1.5万/月,03-16
爬虫工程师（广电院）,中国科学院云计算中心,东莞-松山湖区,0.6-1.5万/月,03-16
爬虫工程师（数据分析）,武汉美之修行信息科技有限公司,武汉,0.5-2万/月,03-16
爬虫工程师,广州市青藤之桥教育信息咨询有限公司,广州-南沙区,0.9-1.2万/月,03-16
爬虫工程师,易居企业（中国）集团有限公司,上海-静安区,0.8-1万/月,03-16
爬虫开发工程师,亿翰智库,上海-静安区,1-1.5万/月,03-16
高级爬虫工程师,杭州求美网络科技有限公司,杭州-滨江区,2.5-3万/月,03-16
python爬虫实习生,指南者教育,常州,200元/天,03-16
Python爬虫工程师,广州源井生物科技有限公司,广州,6-8千/月,03-16
爬虫工程师,上海百秋电子商务有限公司,上海-长宁区,1-1.5万/月,03-16
爬虫工程师,赛速科技,西安-雁塔区,4.5-6千/月,03-16
TEG03-高级爬虫工程师（深圳）,深圳市腾讯计算机系统有限公司,深圳,,03-16
Python爬虫工程师,北京值得买科技股份有限公司青岛分公司,青岛-市北区,1-1.5万/月,03-15
爬虫开发工程师平安外包,深圳麦亚信科技股份有限公司,深圳-南山区,1.2-1.4万/月,03-15
网络爬虫工程师,“前程无忧”51job.com（上海）,上海-浦东新区,,03-15
Python高级爬虫工程师,深圳市啦啦配送有限公司,深圳-福田区,1.5-2万/月,03-15
爬虫开发工程师,江苏省未来网络创新研究院,南京-江宁区,0.7-1万/月,03-14
python爬虫工程师,浙江东驰科技有限公司,杭州-滨江区,1-1.5万/月,03-14
网络爬虫软件工程师(java),北京优捷信达信息科技有限公司,北京-朝阳区,0.5-1万/月,03-14
网络爬虫工程师（实习生）,苏州瑞翼信息技术有限公司,苏州-工业园区,3-5千/月,03-13
手机应用爬虫工程师,北京弘亚世纪投资顾问有限公司上海分公司,上海,1.5-2.3万/月,03-13
爬虫软件工程师(python),智慧工匠科技有限公司,武汉-武昌区,0.8-1.6万/月,03-13
高级爬虫工程师,长沙云珏网络科技有限公司,长沙-岳麓区,1-1.5万/月,03-12
爬虫工程师,广州探迹科技有限公司,广州-番禺区,1-2万/月,03-12
Python爬虫工程师,无锡市车同轨科技有限公司,无锡-梁溪区,0.8-1万/月,03-11
高级爬虫系统工程师,上海鹏越惊虹信息技术发展有限公司,上海-徐汇区,2-2.5万/月,03-11
网络爬虫工程师,上海璞锐公关策划咨询有限公司,上海,1-2万/月,03-11
python爬虫开发工程师,崇研科技成都有限公司,成都-高新区,6-8千/月,03-11
数据爬虫工程师,北京中农富通城乡规划设计研究院有限公司,西安-碑林区,500元/天,03-11
爬虫工程师,广州茉莉传媒科技有限公司,广州-越秀区,1.5-3万/月,03-11
爬虫工程师,广州探迹科技有限公司,广州-番禺区,1-2万/月,03-11
爬虫开发工程师,安徽富驰信息技术有限公司,合肥,5-7千/月,03-11
爬虫工程师/python,青岛安铭信息科技有限公司,青岛-市南区,0.8-1.5万/月,03-11
爬虫开发工程师,上海博鼠信息科技有限公司,上海-浦东新区,1-1.5万/月,03-10
爬虫开发工程师,四川电科网安科技有限公司,成都-双流区,1-1.5万/月,03-10
高级爬虫工程师,北京易智思信息科技有限公司,武汉-洪山区,0.8-1万/月,03-09
爬虫工程师,传新美讯（上海）医药技术有限公司,南京-浦口区,1-1.5万/月,03-09
爬虫(J10367),有米科技股份有限公司,广州,1.5-2万/月,03-09
爬虫开发工程师,深圳昱锦言信息咨询有限公司,深圳-南山区,1.5-2万/月,03-09
爬虫开发工程师-产品技术平台 (MJ006661),搜狐焦点,北京-海淀区,1.5-2.5万/月,03-09
网络爬虫开发讲师（五险一金）,河南新华电脑学院,郑州-中原区,0.8-1万/月,03-08
网络爬虫工程师,深圳市品思达科技有限公司,深圳-南山区,1-2万/月,03-08
Python 爬虫工程师,深圳市爱帮客科技有限公司,深圳-龙华新区,0.8-1万/月,03-06
爬虫工程师（中高级）,长沙营智信息技术有限公司,长沙-岳麓区,4-7千/月,03-06
高级爬虫工程师,联合金科信息科技有限公司,深圳-南山区,2-2.5万/月,03-06
爬虫开发工程师,久远谦长（上海）企业管理咨询有限公司,异地招聘,1.5-2万/月,03-05
数据爬虫工程师,深圳市爱美购科技有限公司,深圳-南山区,0.8-1.6万/月,03-05
资深Python爬虫工程师,上海思勃商务咨询有限公司,上海-徐汇区,3-3.5万/月,03-04
数据分析岗（爬虫工程师）-中级,中邮消费金融有限公司,广州,15-20万/年,03-04
爬虫研发工程师,南极电商（上海）有限公司,上海-杨浦区,2.5-4万/月,03-04
爬虫开发工程师,浙江国贸数字科技有限公司,杭州-江干区,6-8千/月,03-03
爬虫工程师,湖南数魔网络科技有限公司,长沙-岳麓区,0.7-1.2万/月,03-03
Python爬虫工程师,赛业（广州）生物科技有限公司,广州,6-8千/月,03-03
爬虫开发工程师,武汉勾勾互娱科技有限公司,武汉,1-1.5万/月,03-02
BI开发工程师/爬虫工程师/数据采集工程师,林氏木业,佛山-南海区,1.5-2万/月,02-28
爬虫开发工程师,广州安望信息科技有限公司,广州-天河区,0.8-1.5万/月,02-28
电商软件开发工程师（爬虫）,杭州瑞合品牌管理有限公司,杭州-滨江区,1-1.5万/月,02-27
爬虫工程师（跨境电商）,深圳市微八进出口有限公司,深圳-龙岗区,1-2万/月,02-27
初级爬虫工程师,广州潮盟网络科技有限公司,广州-天河区,6-8千/月,02-27
爬虫开发工程师,北京晨跃科技有限公司,北京-朝阳区,1.5-2万/月,02-27
中级爬虫开发工程师,南京茂毓通软件科技有限公司,南京-雨花台区,1.5-2.5万/月,02-25
网络爬虫工程师,南京擎盾信息科技有限公司,南京-雨花台区,7-9千/月,02-24
PYTHON工程师/VBS工程师/爬虫工程师/RPA工程师,上海美狄莎思美奇商贸有限公司,上海-长宁区,0.8-2万/月,02-23
爬虫实习生（可远程）,上海客优数据科技有限公司,上海-浦东新区,150元/天,02-22
Python爬虫研发工程师,广州多益网络股份有限公司,武汉-武昌区,1-2万/月,02-21
Python爬虫工程师,深圳村信网科技有限公司,深圳-南山区,1-2万/月,02-21
Python 爬虫工程师,珠海市爱享创业空间服务有限公司,深圳-福田区,1-1.5万/月,02-20
python爬虫开发工程师,深圳市前海创新研究院,深圳-南山区,0.8-1.2万/月,02-20
爬虫开发工程师,湖北长佰网络科技有限公司,武汉-洪山区,1-2万/月,02-14
资深爬虫工程师,北京路客互联网科技有限公司,广州-海珠区,1.5-2.5万/月,02-11
爬虫开发工程师,深圳市前海润杨金融服务有限公司,深圳-南山区,1-1.2万/月,02-10
数据爬虫实习生,浙江华治数聚科技股份有限公司,北京-海淀区,3-4.5千/月,02-05
高级爬虫工程师,深圳市东信时代信息技术有限公司,深圳-南山区,1.6-2.5万/月,02-04
爬虫工程师,武汉慧通远达信息技术有限公司,长沙-雨花区,0.7-1.2万/月,01-25
高级爬虫工程师（高新）,广州仁昌网络科技有限公司,异地招聘,3-4万/月,01-23
Python爬虫工程师,广州龙骐贸易有限公司,广州-白云区,0.8-1.5万/月,01-21
爬虫开发工程师,名筑科技信息有限公司,上海-静安区,1-1.5万/月,01-20
web爬虫和分析工程师,普天信息技术有限公司,北京,1-1.5万/月,01-20
爬虫技术专家/爬虫工程师,上海恒生聚源数据服务有限公司,上海,3-4万/月,01-19
爬虫工程师,上海嘉道信息技术有限公司,上海-长宁区,1-2万/月,01-18
软件工程师,央视市场研究股份有限公司,北京-西城区,0.8-1.5万/月,03-17
Python开发工程师(***),上海铠卡医疗器械贸易有限公司,上海,1000元/天,03-17
BI项目经理,广州迅易科技有限公司,广州-海珠区,1.5-2万/月,03-17
Java开发工程师,广州九图信息科技有限公司,南宁,0.8-1万/月,03-17
web前端工程师,上海新大陆翼码信息科技股份有限公司,上海,0.8-1.5万/月,03-17
Java高级开发工程师,杭州软星科技有限公司,杭州-拱墅区,1-1.8万/月,03-17
Python开发工程师,柳州智视科技有限公司,柳州,6-8千/月,03-17
Python后台开发工程师,深圳市道合顺科技有限公司,深圳-福田区,1.5-3万/月,03-17
PRA开发、实施工程师,河南八六三软件股份有限公司,异地招聘,1.5-2.5万/月,03-17
Python开发工程师,福建中赢在线科技有限公司,福州-鼓楼区,1-1.5万/月,03-17
.net程序员/c#  asp.net,深圳海润天恒科技有限公司,深圳-宝安区,0.7-1.4万/月,03-17
Python开发工程师,北京华脉世纪石油科技有限公司,异地招聘,0.8-1万/月,03-17
Python开发工程师,广州众成医疗器械产业发展有限公司,广州-越秀区,0.8-1万/月,03-17
Python开发工程师,深圳市悟空跨境科技有限公司,深圳-南山区,1-1.5万/月,03-17
JAVA软件工程师,深圳市华中航空服务有限公司,深圳-福田区,10-15万/年,03-17
智慧医疗平台前端工程师202001,鹏城实验室,深圳-南山区,,03-17
大数据开发工程师,广州华央电子科技有限公司,广州-黄埔区,6-8千/月,03-17
Python开发工程师,武汉辰垚网络科技有限公司,武汉-洪山区,6-8千/月,03-17
python讲师（五险一金+包饭）,湖南潭州教育网络科技有限公司成都分公司,成都-武侯区,3.5-6千/月,03-17
Python 数据分析/人工智能,湖南潭州教育网络科技有限公司,长沙-岳麓区,0.8-1.6万/月,03-17
急聘python公开课讲师,湖南潭州教育网络科技有限公司贵阳分公司,贵阳,4.5-6千/月,03-17
数据挖掘工程师,广东新明珠陶瓷集团有限公司,佛山-禅城区,1.1-2.5万/月,03-17
Python教员,广东百捷教育投资有限公司,广州-花都区,0.7-1.1万/月,03-17
Python开发工程师,成都花市网电子商务有限公司,成都,5-8千/月,03-17
Java软件工程师/高级软件开发工程师,上海车团网络信息技术有限公司,上海-浦东新区,1.5-3万/月,03-17
数据服务高级工程师,四川高辰建筑工程有限公司,成都-高新区,1-1.5万/月,03-17
PHP开发工程师,深圳市墨知创新科技有限公司,西安-高新技术...,0.7-1.2万/月,03-17
数据挖掘工程师,中策大数据咨询（深圳）有限公司,深圳-南山区,1-1.5万/月,03-17
Python开发工程师,北京聚源锐思数据科技有限公司,北京-海淀区,0.8-1万/月,03-17
天猫淘宝小红书网络销售客服,北京鱼爪网络科技有限公司成都分公司,成都-青羊区,1-1.5万/月,03-17
高级Java工程师,卫盈联信息技术（深圳）有限公司,深圳-南山区,1.5-3万/月,03-17
Python开发工程师（大学讲师）,江西信息应用职业技术学院数字技术学院,南昌,0.6-1万/月,03-17
广告数据分析,宁波豪雅进出口集团有限公司,宁波,,03-17
Python开发工程师(网络安全行业）,江苏御维科技有限公司,北京-海淀区,1.2-2万/月,03-17
RPA软件实施开发工程师,上海容智信息技术有限公司,上海-黄浦区,4-8千/月,03-17
阿里巴巴国际站运营,广州市汉婷信息科技有限公司,广州-天河区,5-8千/月,03-17
急聘数据分析师,上海一里井会展服务有限公司,上海-浦东新区,0.7-1万/月,03-17
数据采集开发工程师,重庆聚合科技有限公司,重庆,1-1.5万/月,03-17
数据库工程师,北京高训教育科技发展有限公司,南京-建邺区,6-9千/月,03-17
高级脚本开发工程师（python）,广州网融信息技术有限公司,广州-海珠区,1.5-2万/月,03-17
Java开发工程师,苏州时玳运成网络科技发展有限公司,苏州-工业园区,1.7-2.7万/月,03-17
SEO工程师,深圳富康安电子有限公司,深圳-龙华新区,0.6-1.5万/月,03-17
大数据开发工程师,南京牧信科技有限公司,南京-江宁区,6-8千/月,03-17
高级测试工程师,郑州玩号吧网络科技有限公司,郑州-金水区,1.5-3万/月,03-17
研发工程师（西安）,北京神州绿盟信息安全科技股份有限公司,西安,,03-17
.NET开发工程师,深圳市搜了网络科技股份有限公司,深圳-南山区,1.2-2万/月,03-17
java工程师（五险一金）,湖南星汉数智科技有限公司,长沙-岳麓区,0.8-1.2万/月,03-17
BIM大数据软件工程师,林同棪（重庆）国际工程技术有限公司,重庆-渝北区,0.8-1万/月,03-17
算法工程师,朗新科技股份有限公司,江苏省,,03-17
研发工程师,北京赋乐科技有限公司,北京,,03-17
建模工程师,武汉新视野风险管理科技有限公司,武汉-东湖新技...,0.8-1.5万/月,03-17
运维经理,广州城市信息研究所有限公司,广州,1-1.5万/月,03-17
网络推广/新媒体推广（seo/sem）,明安旭（上海）健康科技有限公司,上海-杨浦区,0.8-1.2万/月,03-17
Java高级开发工程师,上海易好房网络科技有限公司,上海-长宁区,1-2万/月,03-17
大数据工程师,绿漫科技有限公司,杭州-西湖区,2-2.5万/月,03-17
人工智能工程师,朗曦国际（上海）信息技术有限公司,上海-静安区,1-1.5万/月,03-17
数据研发工程师(J12281),绿盟科技,西安-高新技术...,1-1.5万/月,03-17
Python开发工程师,上海吾创信息科技有限公司,上海-浦东新区,0.9-1.2万/月,03-17
地理位置中台方向工程师,字节跳动,北京,3-5万/月,03-17
php程序员,合肥朗途电子商务有限公司,合肥,1-2万/月,03-17
Python开发工程师,上海罗盘信息科技有限公司,武汉-武昌区,0.8-1.5万/月,03-17
技术总监,北京澎湃信用管理有限公司,北京-朝阳区,2-5万/月,03-17
系统架构部-实习生,浙江诺诺网络科技有限公司,杭州-西湖区,4-8千/月,03-17
Python开发/深度学习,上海凯融信息科技有限公司,上海-普陀区,0.7-1.5万/月,03-17
Python开发工程师,成都聚思力信息技术有限公司,成都,1.2-1.8万/月,03-17
高级Java软件开发工程师,江苏虫洞电子商务有限公司,常州,1-1.5万/月,03-17
Big data /大数据工程师,广州市西美信息科技有限公司,广州,1.6-2.6万/月,03-17
开发工程师,杭州邦银电子商务有限公司,杭州-余杭区,1.5-1.8万/月,03-17
少儿Python编程老师,东莞市海豚教育科技有限公司,东莞-石龙镇,6-8千/月,03-17
信息安全经理,上海五蕴信息科技有限公司,上海-黄浦区,1.5-2.5万/月,03-17
高级数据分析工程师,广东尚睿网络技术有限公司,异地招聘,1-1.6万/月,03-17
软件工程师,深圳市远欧国际贸易有限公司,深圳-龙华新区,1-1.5万/月,03-17
SEO网络优化推广,山东九鼎企业管理咨询有限公司,异地招聘,6-8千/月,03-17
SEO专员外链专员优化,北京拓普利达科技有限责任公司,北京-石景山区,0.5-1万/月,03-17
Java开发工程师NJ,通联数据股份公司,南京-建邺区,1-1.8万/月,03-17
机器学习工程师,苏州博彦信息技术有限公司,苏州-工业园区,0.8-1.6万/月,03-17
深度学习算法工程师（之江智能）,上海之江生物科技股份有限公司,上海-闵行区,1-2.5万/月,03-17
SEO专员,武汉智北辰教育咨询有限公司,武汉-武昌区,6-8千/月,03-17
信息采集员,成都独至文化传媒有限公司,成都-武侯区,6-8千/月,03-17
Python研发工程师,深圳市比量科技传媒有限公司,珠海,0.6-1.2万/月,03-17
数据开发工程师,杭州爱德朗电子商务有限公司,杭州-滨江区,1.2-1.8万/月,03-17
Python Web讲师,苏州高博应诺信息科技有限公司,苏州,1-1.5万/月,03-17
NLP算法工程师,赛特斯信息科技股份有限公司,南京,1-2万/月,03-17
数据挖掘,深圳桑椹电子商务有限公司,深圳-龙华新区,1-1.5万/月,03-17
Python开发工程师,广州竞德信息技术有限公司,广州-天河区,1.2-1.6万/月,03-17
IT/网管/系统运维,上海小蜜坊国际贸易有限公司,上海-闵行区,6-8千/月,03-17
Web安全工程师(湖北),北京启明星辰信息安全技术有限公司,武汉-江岸区,1-2万/月,03-17
Python开发工程师,北京中科三方网络技术有限公司,北京-海淀区,0.8-1万/月,03-17
Linux C 软件工程师,北京中创信测科技股份有限公司,北京-海淀区,1.5-2万/月,03-17
技术主管,上海友动网络科技有限公司,上海-静安区,1.2-2.4万/月,03-17
Java开发工程师,广州市魔幻科技有限公司,广州-天河区,1-1.5万/月,03-17
SEO专员,深圳兴晨电子商务有限公司,深圳-南山区,1-1.5万/月,03-17
软件工程师,成都事业佳企业管理咨询有限公司,成都-成华区,6-8千/月,03-17
Python数据工程师,广东南芯医疗科技有限公司,广州-黄埔区,1-1.5万/月,03-17
python 后端开发,瑞博恩互联网金融信息服务（上海）有限公司,上海-嘉定区,6.5-9.5千/月,03-17
PHP开发工程师,上海途阔网络科技有限公司,上海-普陀区,1-2万/月,03-17
PHP程序员,广西国彩合盈信息技术有限公司,南宁,0.6-1万/月,03-17
SEO专员,世贸通科技电子商务（深圳）有限公司,深圳-福田区,6-8千/月,03-17
RPA开发工程师,佛山市佛盈盘古信息科技有限公司,佛山-禅城区,0.5-1万/月,03-17
大数据后台工程师,广西飞熊科技有限公司,南京-江宁区,1-1.5万/月,03-17
抖音推广运营经理,长沙循源医学科技有限公司,长沙-雨花区,1.5-2万/月,03-17
线上营销-技术支持,河南世纪联华超市有限公司,郑州-金水区,3-4.5千/月,03-17
大数据开发工程师,国衡智慧城市科技研究院（北京）有限公司,北京,0.8-1万/月,03-17
生物工程师（中小型动物类）,上海物垣贸易有限公司,上海-普陀区,1-1.5万/月,03-17
python开发实习生,武汉华工科固建筑技术工程有限公司,武汉-洪山区,3-5.5千/月,03-17
算法工程师,亿佰国际旅行社（上海）公司,上海-徐汇区,2.5-4.5万/月,03-17
技术主管,常州好开心网络科技有限公司,常州,1-1.5万/月,03-17
[17]-PHP程序师,三立国际教育集团,上海-静安区,0.7-1万/月,03-17
TD-SW 测试软件开发工程师,杭州中美华东制药有限公司,杭州-拱墅区,4.5-6千/月,03-17
Python高级开发经理,上海外高桥保税区国际人才服务有限公司,上海-浦东新区,6-8千/月,03-17
高级Java研发工程师,上海灏程信息科技有限公司,上海-闵行区,2.5-4万/月,03-17
Python开发工程师,武汉研锶信息科技有限公司,武汉-东湖新技...,1.2-2万/月,03-17
数据分析师（跨境电商）,购乐贸易（深圳）有限公司,深圳-龙岗区,1-1.5万/月,03-17
Python开发工程师,广州盛为电子商务有限公司,广州-白云区,1-1.5万/月,03-17
乐高/编程老师+餐补+五险一金+上市教育+均薪8K起 Su,广州优视电子有限责任公司,广州-天河区,0.5-1.2万/月,03-17
开发主管/架构师,四川省天晟源环保股份有限公司,成都-金牛区,1.5-1.8万/月,03-17
.NET开发工程师,深圳市金畅进出口有限公司,深圳-龙岗区,1-2万/月,03-17
信息安全工程师,西安未来国际信息股份有限公司,西安,0.8-1万/月,03-17
Java开发工程师,四川创企科技有限责任公司,成都-高新区,7-9千/月,03-17
NLP开发工程师,广州宝立科技有限公司,广州-天河区,1-1.2万/月,03-17
推荐系统算法工程师,数说新奇信息技术（上海）有限公司,上海-黄浦区,0.8-1.5万/月,03-17
数据分析工程师,深圳市墨者安全科技有限公司,深圳-南山区,0.8-1.2万/月,03-17
Java开发工程师,深圳市恒之易电子商务有限公司,深圳,1-1.5万/月,03-17
算法实习生,TCL集团工业研究院,武汉-江夏区,4.5-6千/月,03-17
数据分析产品经理,上海奕己信息科技有限公司,上海-徐汇区,1-2万/月,03-17
数据分析,宁波豪雅进出口集团有限公司,宁波-鄞州区,0.5-1万/月,03-17
Golang开发工程师,广州超链信息技术有限公司,广州-越秀区,1.2-2万/月,03-17
数据采集挖掘工程师,青岛兮易信息技术有限公司,上海-杨浦区,0.8-1.2万/月,03-17
Python后端量化系统开发工程师,深圳市威迈思咨询管理有限公司,深圳-南山区,1-4万/月,03-17
Java高级开发工程师（西安）,北京中海华晟信息技术有限公司西安分公司,西安-高新技术...,1-1.5万/月,03-17
数据抓取工程师,上海邦移出入境服务有限公司,上海,1.5-2万/月,03-17
市场营销经理(品宣会员获客),纽湾（上海）饮品有限责任公司,上海-闵行区,1-1.5万/月,03-17
AI产品研发实习生,施耐德电气（中国）有限公司,北京,,03-17
产品主管/市场主管,广东唯一网络科技有限公司,东莞-南城区,5-7千/月,03-17
Python数据工程师,深圳虾皮信息科技有限公司,深圳-南山区,1.2-2万/月,03-17
安全开发工程师,中国邮政集团公司软件开发中心,北京,2-3万/月,03-17
java高级工程师（急招）,广州市威妮华时尚首饰有限公司,广州-荔湾区,1.5-2万/月,03-17
算法工程师,江西康力药品物流有限公司,宜春,0.6-1万/月,03-17
数据挖掘和数据库工程师,混沌天成期货股份有限公司,上海-浦东新区,1.5-2万/月,03-17
高级数据分析师（偏技术方向）,丽人丽妆,上海-徐汇区,0.8-1.3万/月,03-17
高级搜索引擎优化师,武汉乐薇电子商务有限公司,武汉-洪山区,0.8-1.2万/月,03-17
算法工程师,北京电旗通讯技术股份有限公司,福州-台江区,0.8-1.5万/月,03-17
高级Java软件开发工程师,常州欧尔孚特国际贸易有限公司,常州-武进区,1-1.5万/月,03-17
场外衍生品业务实习生,上海市黄浦区某金融企业,苏州-工业园区,1-2千/月,03-17
数据采集工程师,广州市海悦信息科技有限公司,广州-海珠区,1.5-2万/月,03-17
Python开发工程师,牧今科技（广州）有限责任公司,广州-海珠区,1-1.5万/月,03-17
信息助理,深圳市天泽汉宇科技有限公司,深圳-龙华新区,4.5-6千/月,03-17
实习生（Python开发）,上海百胜软件股份有限公司,上海,1-5千/月,03-17
内容分析工程师,创意信息技术股份有限公司,成都-郫都区,0.8-1万/月,03-17
python开发,上海坤雷实业有限公司,上海-徐汇区,6-8千/月,03-17
数据分析师（电商）,乐扣乐扣（中国）,上海,0.8-1万/月,03-17
大数据开发工程师,浙江连信科技有限公司,杭州-滨江区,1.5-3万/月,03-17
情报研究员（互动娱乐方向）,福建网龙计算机网络信息技术有限公司,福州-鼓楼区,1-1.5万/月,03-17
程序开发工程师,广州赛脑信息科技有限公司,广州-天河区,1-1.5万/月,03-17
数据采集工程师,捷荟信息技术（上海）有限公司,上海-闵行区,0.7-1.2万/月,03-17
数据研发工程师,出门问问（武汉）信息科技有限公司,武汉-洪山区,1-1.5万/月,03-17
Python开发经理,广东盛迪嘉集团有限公司,深圳-南山区,1.5-2.5万/月,03-17
SW-测试软件开发工程师,环维电子（上海）有限公司,上海,1-1.5万/月,03-17
java培训讲师（六险一金）,广州市中软卓越教育科技有限公司,广州-白云区,1.5-2万/月,03-17
大数据分析与挖掘(J10191),深圳云天励飞技术有限公司,深圳-南山区,1.5-2万/月,03-17
Python开发工程师实习岗,西安长城华韵电子科技有限公司,西安-碑林区,3-4.5千/月,03-17
外贸运营专员,广东绿缔智能冷链科技股份有限公司,广州-花都区,1-1.5万/月,03-17
Python 研发工程师,成都安舟信息技术有限公司,成都-高新区,0.7-1.2万/月,03-17
Python后台开发工程师,尤盛信息技术（上海）有限公司,上海-浦东新区,1.2-2.2万/月,03-17
数据分析师,湖北金泉新材料有限责任公司,荆门,4-6千/月,03-17
Java高级开发工程师,RebatesMe海淘返利网,上海-普陀区,1.3-2.5万/月,03-17
Python讲师,湖南智圭谷信息技术咨询服务有限公司,长沙-雨花区,0.8-1.2万/月,03-17
python开发工程师,深圳荷花网络科技有限公司,异地招聘,1-1.5万/月,03-17
大数据工程师(J10591),智慧芽信息科技（苏州）有限公司,苏州-工业园区,1.5-2.5万/月,03-17
渗透测试/代码审计工程师,广州竞远安全技术股份有限公司,广州,0.8-1.6万/月,03-17
数据采集实习生,北京众标智能科技有限公司,上海-宝山区,120元/天,03-17
搜索引擎开发工程师（Lucene ）(J10295),深圳昂楷科技有限公司,深圳-南山区,1.5-2万/月,03-17
高级开发经理,上海嘉柒网络科技有限公司,上海,2-3万/月,03-17
python后端工程师,江苏特思达电子科技股份有限公司,昆山,1.4-1.8万/月,03-17
数据分析员,绍兴永升化纤有限公司,绍兴,6-8千/月,03-17
SEO工程师,深圳柯赛标识工程有限公司,深圳-龙岗区,0.8-1万/月,03-17
Python工程师,广州市欢雀科技有限公司,广州-天河区,1.2-1.6万/月,03-17
Python高级开发工程师,浙江迅风智能科技有限公司,上海-徐汇区,1-2万/月,03-17
数据分析师,广州市新娱加娱乐传媒文化有限公司,广州-黄埔区,1-1.5万/月,03-17
高级java工程师,自由飞越国际航空技术服务（北京）有限公司,长沙-岳麓区,1.5-3万/月,03-17
游戏平台数据专员,江苏梦嘉控股集团有限公司,苏州-工业园区,4.5-6千/月,03-17
高级前端开发工程师,武汉市德发信息技术有限公司,武汉,1-1.5万/月,03-17
java开发工程师,大兴汽车集团,深圳-宝安区,20-30万/年,03-17
Python开发工程师,太平洋网络,广州,1.5-2.5万/月,03-17
Python开发工程师,广州瑞云网络科技有限公司,广州,1-2万/月,03-17
Java开发工程师,广东爱霖科技有限公司,广州-天河区,6-8千/月,03-17
Python高级开发工程师,上海韦地计算机科技有限公司,上海-虹口区,1.5-2万/月,03-17
BI项目工程师（ETL开发）,嫚熙控股（广州）有限公司,广州-白云区,0.8-1.2万/月,03-17
.NET开发工程师,无锡微爱录软件技术有限责任公司,无锡,0.8-1.2万/月,03-17
Python开发工程师,重庆千变科技有限公司,重庆-渝北区,0.8-1万/月,03-17
网站运营专员,世诚卓越投资咨询（深圳）有限公司,深圳-福田区,6-8千/月,03-17
Python开发工程师,大连铭信科技发展有限公司,大连-高新园区,0.8-1.3万/月,03-17
python开发工程师,澳鹏科技（无锡）有限公司,无锡-无锡新区,4.5-6千/月,03-17
Python开发工程师,硕橙（厦门）科技有限公司,厦门,0.6-1万/月,03-17
桌面应用开发,西安舟济网络科技有限公司,成都-高新区,0.8-1万/月,03-17
Python开发工程师/讲师,如皋中软国际信息技术有限公司,异地招聘,1.3-1.8万/月,03-17
Java中级开发工程师,东莞优贸网络有限公司,东莞-南城区,0.8-1.3万/月,03-17
高级大数据开发工程师,万兴科技集团股份有限公司,深圳,2.2-3万/月,03-17
系统架构师,淘美妆（上海）贸易有限公司,上海-嘉定区,2-2.5万/月,03-17
C#软件开发工程师,重庆维普资讯有限公司,重庆-渝北区,0.6-1.2万/月,03-17
数据分析专员 外企福利 闯者天堂,成都匠领科技有限公司,成都,0.4-1万/月,03-17
Python开发工程师,北京中软融通科技有限公司,北京,0.7-2万/月,03-17
wordpress程序员,广州市瀚银网络技术有限公司,广州-天河区,0.5-1万/月,03-17
python开发工程师,浙江星纪海信息技术有限公司,杭州-萧山区,1-1.5万/月,03-17
Python开发工程师,广州银典信息科技有限公司,广州-天河区,5-7千/月,03-17
Java/Web研发工程师,广州国测规划信息技术有限公司,郑州-金水区,0.8-1万/月,03-17
大数据开发工程师,北京尚博信科技有限公司,广州-天河区,1.2-2万/月,03-17
数据分析师,安吉康尔（深圳）科技有限公司,深圳-龙华新区,0.8-1.5万/月,03-17
大数据工程师,大汉软件股份有限公司,南京,1-2万/月,03-17
高级数据分析师,vivo智能手机（维沃移动通信有限公司）,异地招聘,4-5万/月,03-17
Python中高级开发,湖南弯弓信息科技有限公司,长沙-岳麓区,0.8-1.5万/月,03-17
高级Python开发工程师,深圳市达熙科技有限公司,深圳,2-3.5万/月,03-17
SEO专员,索邦物流（上海）有限公司,上海-嘉定区,0.8-1万/月,03-17
数据专员,广州佳美展览有限公司,广州,5-8千/月,03-17
Java项目经理,睿哲科技股份有限公司,广州-天河区,1.2-1.5万/月,03-17
SEO/SEM专员,上海红耶国际贸易有限公司,上海,6-8千/月,03-17
Python开发工程师实习生,绿之能科技,西安-碑林区,4.5-6千/月,03-17
数据开发工程师（ 知识图谱）,北京搜狗科技发展有限公司,杭州,1-2万/月,03-17
Python开发工程师,宏兆集团,深圳-南山区,0.8-1.5万/月,03-17
高级数据分析师（亚马逊）,深圳洪堡科技有限公司,深圳-龙岗区,1-1.5万/月,03-17
Python语言开发工程师,郑州李唐电子科技有限公司,郑州,1-3万/月,03-17
Python开发工程师,武汉云外恒信息技术有限公司,武汉-洪山区,0.8-1.2万/月,03-17
大数据开发工程师,广东融合通信股份有限公司,广州,1.5-2万/月,03-17
Python高级开发工程师,江西高创保安服务技术有限公司杭州分公司,杭州-江干区,1-1.5万/月,03-17
数据工程师,江苏畅远信息科技有限公司,南京,0.8-1万/月,03-17
Python高级开发工程师（AI分析）,杭州祐全科技发展有限公司,杭州-余杭区,1.6-3万/月,03-17
数据分析师,宁波茂佳国际贸易有限公司,宁波,1-1.5万/月,03-17
数据分析师,江苏森虎商贸有限公司,杭州-滨江区,6-8千/月,03-17
高级Java开发工程师,苏州东大金点物联科技有限公司,苏州-工业园区,1-1.5万/月,03-17
python讲师,成都部落窝科技有限公司,成都-成华区,1-1.5万/月,03-17
Python技术讲师,陕西厚溥教育科技有限公司,异地招聘,6-8千/月,03-17
大数据设计工程师（武汉）,深圳联友科技有限公司,异地招聘,1-1.6万/月,03-17
配置管理技术员,福建新大陆软件工程有限公司,南京,5-8千/月,03-17
Python开发工程师,南京中孚信息技术有限公司,南京-浦口区,1-1.5万/月,03-17
软件工程师（预研）,上海复旦微电子集团股份有限公司,上海,1-2.5万/月,03-17
数据分析师,无锡尚佰环球电子商务有限公司,无锡,1-1.5万/月,03-17
Python开发工程师,浙江迈睿机器人有限公司,杭州,0.6-1.5万/月,03-17
数据整理工程师,吉林省吉林祥云信息技术有限公司,长春-净月经济...,0.7-1.8万/月,03-17
中高级程序员,广州独角兽旅游服务有限公司,广州-白云区,1-2万/月,03-17
Python研发工程师,北京利和制药有限公司,北京,2-4万/月,03-17
机器学习工程师,米思米（中国）精密机械贸易有限公司,上海-静安区,1-2.2万/月,03-17
数据清洗(Python),上海咨树信息咨询有限公司,上海-黄浦区,0.8-1万/月,03-17
IT项目经理,广州金田地国际旅行社有限公司,广州-天河区,2-5万/月,03-17
AI人工智能工程师,广州潮流服装有限公司,广州-白云区,1-1.5万/月,03-17
线上讲师（文理都可）,武汉麦德辑科技有限公司,武汉-洪山区,0.8-1万/月,03-16
Java高级开发工程师,福州闲时间网络科技有限公司,福州-仓山区,1.3-1.8万/月,03-16
数据分析师（机器学习方向）,深圳希施玛数据科技有限公司,深圳-南山区,1-1.5万/月,03-16
软件研发工程师,江苏鸿程大数据技术与应用研究院有限公司,南京-浦口区,1-1.5万/月,03-16
GIS数据工程师,南昌市国土资源勘测规划院有限公司,南昌,8-15万/年,03-16
技术经理-消费金融方向,西安盛道企业咨询有限公司,西安,2.6-3.2万/月,03-16
Python开发工程师,深圳市卓易梓网络科技有限公司,深圳-龙岗区,1.5-2万/月,03-16
高级大数据开发工程师,西安交大长天软件股份有限公司,西安,2-2.5万/月,03-16
数据开发工程师,凯儿得乐（深圳）科技发展有限公司,深圳-龙岗区,1.2-2万/月,03-16
SEO经理,苏州聚捷信息技术有限公司,苏州-高新区,0.6-1万/月,03-16
系统架构师,仪菲集团,上海-嘉定区,2-2.5万/月,03-16
高级测试工程师,深圳市通拓科技有限公司,深圳-龙岗区,1.6-2.8万/月,03-16
大数据开发工程师,北京新大陆时代教育科技有限公司,异地招聘,1.2-2万/月,03-16
数据挖掘工程师,万帮新能源投资集团有限公司,深圳-南山区,0.8-2.2万/月,03-16
python开发工程师（数据爬取）,上海卡方信息科技有限公司,杭州-滨江区,1-1.5万/月,03-16
高薪诚聘Python讲师,西安中软卓越信息技术有限公司,西安-碑林区,0.8-1.5万/月,03-16
网络运营专员,周口佰誉餐饮管理有限公司,周口,3.5-4.5千/月,03-16
BI工程师/主管/经理,上海萧雅生物科技股份有限公司,上海-虹口区,1-2万/月,03-16
Python工程师,上海奥腾计算机科技有限公司,上海,1.5-2万/月,03-16
大数据开发工程师,上海浩方信息技术有限公司,北京-朝阳区,1.5-2万/月,03-16
坪山区政企服务伙伴,深圳市应新信息技术研究院,深圳-坪山区,0.3-1.5万/月,03-16
SEO专员,武汉华俄激光工程有限公司,武汉,6-8千/月,03-16
Python开发技术员,北京思迪康泰科技有限公司,成都-高新区,6-8千/月,03-16
数据分析师,四川观想科技股份有限公司,成都-双流区,1.5-2万/月,03-16
Java高级开发工程师,杭州古珀医疗科技有限公司,杭州,1.3-1.5万/月,03-16
Python软件工程师,浙江房超信息科技有限公司,嘉兴,5-8千/月,03-16
大数据教师,成都智畅信息科技发展有限公司,南充,0.8-1.2万/月,03-16
安全工程师（Python、Golang 方向）,央视国际网络有限公司,北京,1-2万/月,03-16
审计岗（数据分析IT审计）,华润万家有限公司,深圳-罗湖区,1.5-2万/月,03-16
Python,广州壹零软件技术有限公司,广州-天河区,1.5-2万/月,03-16
Python开发工程师,深圳道乐科技有限公司,广州,0.8-1万/月,03-16
数据开发工程师,广州易初莲花连锁超市有限公司,广州,1.5-2万/月,03-16
Python开发工程师,深圳市缔造网络科技有限公司,深圳-南山区,1-1.5万/月,03-16
PHP开发工程师,沈阳中辉云科技有限公司,沈阳,3.5-5.5千/月,03-16
Python开发工程师,成都龙捷科技有限公司,深圳-宝安区,6-8千/月,03-16
Python开发工程师,深圳神木源科技有限公司,深圳-龙华新区,6-8千/月,03-16
Python开发工程师4,深圳神木源科技有限公司,深圳-南山区,6-8千/月,03-16
数据专员/助理,广州佛爱瑞服装有限公司,广州-白云区,6-8千/月,03-16
PHP开发工程师/程序员,成都世汇通科技有限公司,成都-武侯区,6-8千/月,03-16
Python高级开发工程师,深圳市诺维尔科技互联网有限公司,异地招聘,1-1.5万/月,03-16
数据挖掘高级工程师,阳光电源股份有限公司,合肥-高新区,20-35万/年,03-16
大数据开发工程师,西安易流物联科技有限公司,西安-高新技术...,1-2万/月,03-16
数据开发工程师,上海昂岳投资管理有限公司,上海-静安区,15-20万/年,03-16
Magento开发工程师/Zencart,深圳市纬讯光通技术有限公司,深圳-龙岗区,1-1.5万/月,03-16
数据采集工程师,深圳市世联土地房地产评估有限公司,武汉-洪山区,5-8千/月,03-16
数据研究员,浙江物产国际贸易有限公司,杭州,10-15万/年,03-16
医学信息专员,长沙三济生物科技有限公司,长沙-岳麓区,3.5-6千/月,03-16
Java高级开发工程师,上海市数字证书认证中心有限公司,上海,20-30万/年,03-16
数据工程师(002099),北京辰安科技股份有限公司,北京,1.4-1.6万/月,03-16
python初级工程师,巴乐克教育科技（广州）有限公司,广州-天河区,4.5-6千/月,03-16
SEO经理/总监,源动力企业管理集团股份有限公司,济南-槐荫区,1.5-2万/月,03-16
SEO优化经理,顺丰速运有限公司,深圳-南山区,1.5-2万/月,03-16
Python开发工程师,胖妈妈国际-互联网医疗平台,重庆-渝北区,0.8-1.2万/月,03-16
Java开发工程师,深圳市弘长科技有限公司,深圳-南山区,0.3-1万/月,03-16
Java讲师,上海鸣应信息技术有限公司,上海-静安区,1-1.5万/月,03-16
数据分析师,南昌越百数智能科技有限公司,南昌-青山湖区,0.6-1.5万/月,03-16
数据分析,苏州赫拉网络科技有限公司,苏州-高新区,0.6-1万/月,03-16
数据量化建模分析师,大连金力得科技发展有限公司,大连-甘井子区,1-1.2万/月,03-16
用户数据分析师,诺贝尔曼（上海）商业投资管理有限公司,上海-黄浦区,6-8千/月,03-16
.NET开发工程师,南京悦爱电子商务有限公司,南京-雨花台区,7-9千/月,03-16
风险分析师,柳州市银航科技有限公司,柳州,0.8-1万/月,03-16
数据分析,新城发展投资有限公司,上海-普陀区,20-30万/年,03-16
数据采集工程师,艾迪西集团,宁波-鄞州区,1-1.5万/月,03-16
新媒体运营经理,广东顺畅科技有限公司,江门,1.6-2.4千/月,03-16
Python开发工程师,广东国丰源控股集团有限公司,广州,5-8千/月,03-16
项目经理,青岛工业软件研究所,青岛-高新区,0.6-1万/月,03-16
AI应用开发实习生,亚信科技（中国）有限公司,北京-朝阳区,1.5-2.5万/月,03-16
Python全栈工程师,亚信科技CMC,广州-番禺区,2-3.5千/月,03-16
2020届-后端工程师,启迪（柳州）数字教育有限公司,异地招聘,20-30万/年,03-16
Python开发工程师,有米科技股份有限公司,广州-番禺区,0.6-1万/月,03-16
Java资深开发工程师,杭州同花顺数据开发有限公司,杭州-余杭区,2.5-5万/月,03-16
Python开发工程师,深圳市拓保软件有限公司,深圳-南山区,1-1.5万/月,03-16
风险管理部-风控助理（量化及系统建设方向）,财通证券资产管理有限公司,上海-浦东新区,1-2万/月,03-16
PHP开发工程师,智云桥信息技术成都有限公司,成都-高新区,4-6千/月,03-16
Python开发工程师,重庆瑞众联科技有限公司,重庆-渝北区,3-5千/月,03-16
大数据运维工程师,湖南华恒科教设备有限公司,长沙-芙蓉区,0.6-1.5万/月,03-16
Python高级开发工程师,传音控股上海研发中心,上海-浦东新区,2-2.5万/月,03-15
经营分析主管,武汉贝壳房地产经纪有限公司,武汉-江汉区,6-8千/月,03-15
前端开发工程师,武汉虹信技术服务有限责任公司,武汉,0.8-1.2万/月,03-15
数据运营分析师（12k+双休）,萌牙家电动牙刷,宁波,1.2-1.5万/月,03-15
图像语音核心技术开发,广东省尚道留学人员服务中心,深圳-龙岗区,1-1.5万/月,03-15
网络编辑,福建省全趣网络科技有限公司,福州-鼓楼区,3-4.5千/月,03-15
Google优化专员/经理,深圳惠融联科技有限公司,深圳-光明新区,0.6-1.2万/月,03-15
雄研院-资深系统架构师,中移系统集成（中移雄研院）,北京-西城区,1.5-2万/月,03-15
风险管理部-风控助理（系统建设方向）,财通证券资产管理有限公司,上海-浦东新区,0.8-1.5万/月,03-15
大数据分析工程师,上海共志通信信息技术发展有限公司,上海-浦东新区,1-3万/月,03-15
生物医学大数据工程师（初级）,慧算医疗科技（上海）有限公司,上海-浦东新区,6-8千/月,03-15
Python开发工程师,深圳市前海欢雀科技有限公司,深圳,1.2-1.6万/月,03-15
数据分析师（楼盘管理方向）,深圳自如友家资产管理有限公司,深圳-福田区,6-8千/月,03-14
Python开发工程师,广州迪奥信息科技有限公司,异地招聘,7-9千/月,03-14
Python数据分析师,晤桥亚洲资产管理咨询与软件有限公司,深圳,0.7-1.2万/月,03-14
PHP程序员,河南牧唐信息技术有限责任公司,洛阳,4.5-8千/月,03-14
数据分析岗（鞍山大悦城）,沈阳大悦城发展有限公司,鞍山,4-5千/月,03-14
RPA实施开发工程师,无锡恒廷实业有限公司,无锡-锡山区,4-8千/月,03-14
大数据开发工程师,广东美胶物产有限公司,异地招聘,1-1.5万/月,03-14
Python开发工程师,云思华盛（北京）科技有限公司,昆明,10-15万/年,03-14
Java高级工程师,天津市国瑞数码安全系统股份有限公司,天津,0.8-1.6万/月,03-14
PHP网站开发工程师,苏州和策信息技术有限公司,苏州-相城区,0.8-1万/月,03-14
JAVA研发工程师,重庆趣玩科技有限公司,重庆-渝中区,0.9-1.5万/月,03-14
高级运维工程师,东泓海科商贸（北京）有限公司,北京-海淀区,2.5-3万/月,03-13
云计算科学与技术系专职教师,电子科技大学成都学院,成都-郫都区,10-15万/年,03-13
PHP高级软件工程师（大数据，做产品）,深圳市乐思软件技术有限公司,深圳-南山区,1.2-2万/月,03-13
数据分析师(电商运营),深圳市沃客非凡科技有限公司,深圳-福田区,0.7-1.2万/月,03-13
高级JAVA开发工程师-加急,广东钛马车联网信息科技有限公司,异地招聘,1.3-2.5万/月,03-13
Java软件工程师（中级）,广州维度科技有限公司,广州-天河区,0.8-1.1万/月,03-13
SEO,达达-京东到家,上海-杨浦区,1.5-2.5万/月,03-13
大数据后端开发经理,博拉网络股份有限公司,重庆,1-1.3万/月,03-13
AI算法工程师,北京尖峰计算机系统有限公司武汉分公司,武汉,0.8-1.5万/月,03-13
Python开发工程师,北京泛鹏天地科技股份有限公司,上海-浦东新区,1.5-2万/月,03-13
机器翻译算法工程师（MT）,北京捷通华声科技股份有限公司,北京,2-4万/月,03-13
Python软件工程师,北京通途永久科技有限公司,武汉-东湖新技...,0.7-1.4万/月,03-13
python工程师（偏NLP方向）,杭州涂鸦信息技术有限公司,杭州-西湖区,1.5-3万/月,03-13
数据分析师,宁波沃图电子商务有限公司,宁波,10-15万/年,03-13
Python开发工程师,长沙市硅谷高科专修学院,长沙-岳麓区,4.5-6千/月,03-13
商务BD,南京小西网络科技有限公司,南京-雨花台区,0.8-1.5万/月,03-13
数据运营专员,广州粤达互娱科技有限公司,广州-天河区,0.7-1.2万/月,03-13
亚马逊产品开发（周末双休）,深圳市君宇源科技有限公司,深圳-宝安区,0.6-1.5万/月,03-13
数据抓取工程师,百奥泰国际会议（大连）有限公司,大连,0.8-1.2万/月,03-13
Python开发工程师,亿达信息技术有限公司,大连,0.6-1.2万/月,03-13
中高级Web开发(工具),南京赛宁信息技术有限公司,南京-江宁区,1-2万/月,03-13
04887-高级策略算法工程师,新浪微博,北京-海淀区,2.5-3.5万/月,03-13
Java开发工程师,深圳祺量科技技术有限公司,深圳-南山区,1.5-2万/月,03-13
Python全栈开发工程师,万达信息股份有限公司,上海,1-2万/月,03-13
Python开发工程师,广州力合网络科技有限公司,广州-天河区,0.8-1万/月,03-13
量化分析师,上海泓信投资管理有限公司,上海-浦东新区,2-3万/月,03-13
Java中级开发工程师,广州拓胜计算机技术服务有限公司,广州-黄埔区,1-1.5万/月,03-13
Java开发工程师,深圳市银星智能科技股份有限公司,深圳-龙华新区,1.3-2万/月,03-13
java后台开发工程师,广州市天河区美林湖畔翰林幼儿园,广州-天河区,0.8-1万/月,03-13
Java高级开发工程师,方正国际软件（北京）有限公司,成都-高新区,1.5-2.5万/月,03-13
JavaEE项目讲师(J11215),传智播客教育集团顺义校区,北京-顺义区,2.5-3万/月,03-13
Python工程师,广东优德科技有限公司,广州-海珠区,0.5-1万/月,03-13
高级Java工程师,中投视讯文化传媒（上海）有限公司,上海-浦东新区,1-1.5万/月,03-13
数据分析师（MRO事业中心）,欧菲斯办公伙伴控股有限公司,重庆-渝中区,6-8千/月,03-12
python研发工程师,上海圣岚广告有限公司,上海-静安区,1-2万/月,03-12
Python后端工程师,清科优能（深圳）技术有限公司,深圳-南山区,25-45万/年,03-12
Java中级开发工程师,上海中企人力资源咨询有限公司,上海,1-1.5万/月,03-12
SEO专员,深圳市前海必胜道网络科技有限公司,深圳-龙华新区,0.5-1万/月,03-12
算法工程师/机器学习工程师,上海普瑾特信息技术服务股份有限公司,上海-静安区,0.8-1.2万/月,03-12
数据采集工程师,北京太和睿信企业管理顾问有限公司,北京-朝阳区,1-1.5万/月,03-12
Python开发工程师,杭州十二章纹文化传播有限公司,杭州-余杭区,0.8-1.2万/月,03-12
SEO主管（中山公园）,上海为都信息科技有限公司,上海-长宁区,1-2万/月,03-12
python金牌讲师,达内时代科技集团有限公司,北京-海淀区,2-2.5万/月,03-12
数据开发工程师,北京智保惠众数字科技有限公司,北京-海淀区,1.5-2.2万/月,03-11
数据分析师,筋斗云（上海）进出口有限公司,上海-闵行区,1-1.5万/月,03-11
大数据讲师,安徽百越天城信息技术有限公司,合肥-新站区,0.5-1万/月,03-11
NLP工程师,上海梅歌文化传播有限公司,上海-徐汇区,6-8千/月,03-11
Java开发工程师,火眼科技有限公司,重庆-渝北区,1.4-1.8万/月,03-11
Android开发工程师,辽宁迈克集团股份有限公司,大连-沙河口区,0.6-1万/月,03-11
Python开发工程师,北京凯普顿医药科技开发有限公司,北京-西城区,1-2万/月,03-11
PHP高级工程师,深圳智汇创想科技有限责任公司创客时代事业部,深圳-宝安区,1.5-2.5万/月,03-11
Python开发工程师,湖南蚁坊软件股份有限公司,长沙,0.6-1万/月,03-11
数据挖掘工程师,深圳市紫金支点技术股份有限公司,深圳-南山区,1-2万/月,03-11
Java开发工程师,深圳市易仓科技有限公司,深圳-南山区,1-1.5万/月,03-11
数据分析师（挖掘方向）,吉比特&amp;雷霆游戏,深圳-南山区,1.5-2.5万/月,03-11
算法工程师,上海文盛资产管理股份有限公司,上海-长宁区,30-40万/年,03-11
Python高级开发工程师,上海答派体育文化发展有限公司,上海-闵行区,1.3-2.5万/月,03-11
.NET开发工程师,深圳前海墨冰科技有限公司,深圳-南山区,2-4万/月,03-10
SEO专员/SEO专员,广东凯纳德企业管理咨询有限公司,佛山,0.5-2万/月,03-10
科技情报分析员（清大创新研究院）,新方尊自动化科技有限公司,合肥,1-1.5万/月,03-10
大数据总监（大数据资深工程师）,壹链盟生态科技有限公司,广州-天河区,3.3-5万/月,03-10
C#开发工程师（桌面程序方向）,重庆云采科技股份有限公司,重庆-南岸区,1-2万/月,03-10
逆向开发工程师,爱点击互动(北京)广告有限公司,北京-朝阳区,1.5-2万/月,03-10
Java开发工程师,臻坤生物科技（苏州）有限公司,苏州-吴江区,1-1.5万/月,03-10
Python开发工程师 五险一金,杭州爱掌科技有限公司,杭州,1-1.5万/月,03-10
Python实习岗,陕西星点网络科技有限公司,西安-雁塔区,4.5-6千/月,03-10
网络推广专员,卓创国际香港有限公司,深圳-龙岗区,0.6-1万/月,03-10
生物信息工程师,圆方基因科技（北京）有限公司,北京-大兴区,1.2-1.8万/月,03-10
平台运营APP运营   双休  有五险  午餐,云南云滴科技有限公司,昆明-官渡区,0.8-1万/月,03-10
Python开发工程师,九天鲲鹏集团有限公司,石家庄,3-6千/月,03-10
Python人工智能讲师培训师,南京词酷网络信息技术有限公司,扬州,4-8千/月,03-09
Python工程师,云南蓝典科技股份有限公司,昆明-五华区,4-6千/月,03-09
Python开发工程师,重庆匠子空间文化传媒有限公司,重庆-渝中区,0.8-1.2万/月,03-09
python编程讲师,成都恒图教育咨询有限公司,成都-青羊区,350元/天,03-09
电商运营实习生,广州易察市场研究有限公司,广州-越秀区,2-3千/月,03-09
项目专员,北京国研网信息有限公司,北京-东城区,1-2万/月,03-09
GIS制图以及大数据处理工程师,深圳诺地思维数字科技有限公司,深圳-宝安区,0.6-1.2万/月,03-09
AI 训练师,广州诚迈信息科技有限公司,广州-天河区,1.5-2万/月,03-09
数据分析师（风控建模方向）,中商润泽实业发展有限公司,郑州-金水区,6-8千/月,03-09
Python开发工程师,智捷融汇（大连）科技有限公司,广州-天河区,2-2.5万/月,03-09
数据采集工程师,爱问医联科技（深圳）有限公司,深圳-南山区,0.8-1.2万/月,03-09
电子商务专业教师,广州东华职业学院,广州,4.5-6千/月,03-09
数据分析经理,喜茶,深圳-南山区,2-2.5万/月,03-08
Python开发工程师,江苏鑫合易家信息技术有限责任公司,南京-浦口区,0.7-1.2万/月,03-08
青少儿Python编程老师,南京约童教育科技有限公司,南京-高淳区,4.5-6千/月,03-07
PHP开发工程师,广州依琪信息科技有限公司,广州-白云区,0.8-1万/月,03-07
软件工程师,北京远大创新科技有限公司,廊坊,0.8-1万/月,03-07
高级前端开发工程师,重庆触摸文化传播有限公司,重庆-渝中区,0.8-1.5万/月,03-07
Python高级开发工程师,锐嘉科集团,上海-青浦区,1.2-1.8万/月,03-07
数据挖掘算法,深圳华云信息系统有限公司,深圳-福田区,1-2万/月,03-06
Python高级开发工程师,河南蓝狐文化传播有限公司,平顶山,1-1.5万/月,03-06
全栈工程师,上海翼萨实业有限公司,上海-浦东新区,2-2.5万/月,03-06
自动化测试工程师,大连芥末人力资源服务有限公司,大连-甘井子区,15-40万/年,03-06
项目经理,任拓数据科技（上海）有限公司,上海,1.5-2万/月,03-06
Python高级开发工程师,广州市华谊通用科技有限公司,广州-天河区,1.5-2万/月,03-05
网络安全研发工程师,上海焕兴网络科技有限公司,杭州-西湖区,1-2.5万/月,03-05
大数据开发工程师,新希望六和股份有限公司,成都,2-2.5万/月,03-05
Python开发工程师,苏州新亚科技有限公司,异地招聘,6-8千/月,03-05
Java开发工程师,广州恩诺新信息科技有限公司,广州-海珠区,1-2万/月,03-05
eBay产品开发/数据收集分析,广州海灵跨境电商有限公司,广州-白云区,150元/天,03-05
python数据分析工程师,上海顺如丰来技术有限公司,上海-虹口区,2-3万/月,03-04
Python开发工程师,深圳市点购电子商务控股股份有限公司,深圳,1.1-1.8万/月,03-04
Python开发工程师,苏州派维斯信息科技有限公司,苏州-高新区,5-8千/月,03-04
前端开发工程师,上海汇中保险经纪有限责任公司,上海-浦东新区,0.8-2万/月,03-04
人工智能算法工程师,杭州晟视科技有限公司,杭州-余杭区,0.8-2万/月,03-04
Python开发工程师,大连华鞍自动化系统有限公司,大连,0.8-1万/月,03-04
人事专员（数据分析员）,广州餐道信息科技有限公司,广州-荔湾区,4.5-6千/月,03-03
软件培训中心主任（安泰科技）,日照安泰房地产开发有限公司,日照,0.8-1.5万/月,03-03
计算机讲师,大连快乐特科技有限公司,大连,0.8-1万/月,03-03
广告投放策划,成都创人所爱科技股份有限公司 (tap4fun),成都,1.2-2.4万/月,03-03
C#高级开发工程师,上海云励科技有限公司,上海-宝山区,2.5-3.5万/月,03-03
高级信息采集工程师,北京四维图新科技股份有限公司,北京-海淀区,1-2万/月,03-03
Java开发工程师,上海博为峰软件技术有限公司,杭州,0.8-1.2万/月,03-03
JAVA 全栈工程师,大合手（深圳）信息科技有限公司,烟台,0.9-1.4万/月,03-02
Python开发工程师,广东东田教育集团有限公司,广州-天河区,1.5-2.5万/月,03-02
风控数据分析师,宁波青年优品控股集团有限公司,异地招聘,1-2万/月,03-02
大数据开发工程师,大连拓中教育科技股份有限公司,大连,1-1.5万/月,03-02
Reptile Engineer - Digital factory - Risk Advisory - CQ GDC,德勤华永会计师事务所（特殊普通合伙）,重庆,,03-02
Odoo实施开发主管 福田,深圳市意比思科技有限公司,深圳-福田区,0.8-1万/月,03-01
python高级工程师,上海思贤信息技术股份有限公司,上海-徐汇区,1.5-3万/月,03-01
数据产品经理/测试工程师,哈尔滨数谱科技有限公司,哈尔滨-南岗区,4-8千/月,03-01
ETL工程师,重庆民贤餐饮管理有限公司,重庆-江北区,6-8千/月,02-29
算法工程师(J11113),朗新科技股份有限公司,无锡-无锡新区,0.8-1.5万/月,02-29
数据采集工程师,上海凭安征信服务有限公司,长沙-岳麓区,6-8千/月,02-29
Python开发工程师-杭州-00143,北软互联（北京）科技有限公司,杭州,1-1.5万/月,02-28
软件工程师,江苏耀群工业技术有限公司,苏州-吴中区,6-8千/月,02-28
数据工程师,北京海峰科技有限责任公司,北京-西城区,0.8-1万/月,02-28
工程师,北京思特奇信息技术股份有限公司新疆分公司,乌鲁木齐,0.8-1万/月,02-28
Java开发工程师,深圳中电国际信息科技有限公司,东莞,0.8-1.5万/月,02-27
JAVA软件工程师,深圳市莫林国际旅行社有限公司,深圳-龙华新区,9-15万/年,02-27
Java开发工程师,瀚思安信（北京）软件技术有限公司,上海-浦东新区,1.5-2万/月,02-27
#服务器工程师#（Python）,点米立德（深圳）科技有限公司,深圳-南山区,1.5-2.3万/月,02-27
会员分析主管,宝能百货零售有限公司,深圳-龙华新区,0.7-1.2万/月,02-27
期货分析师,广东锭海神针金属科技有限公司,佛山-顺德区,1-2万/月,02-27
数据库挖掘工程师,众安在线财产保险股份有限公司,上海,2.5-4万/月,02-27
数据团队业务分析实习生,风茂贸易（上海）有限公司,上海-静安区,160元/天,02-27
软件开发工程师（驻厂）,阳光雨露信息技术服务（北京）有限公司,武汉-江汉区,1-1.5万/月,02-27
研究助理/实习生,艾瑞咨询集团,上海-徐汇区,100元/天,02-27
运维工程师,北京思特奇信息技术股份有限公司四川分公司,成都-高新区,6-8千/月,02-26
高级软件开发工程师,四川娟娟家信息科技服务有限公司,成都,0.8-1.5万/月,02-25
大数据开发工程师,上海网萌网络科技有限公司,北京-大兴区,1.5-2万/月,02-25
Led灯选品专员,广州琳桦科技有限责任公司,广州-增城,4.5-6千/月,02-25
产品经理,北京际恒锐智企业管理顾问有限公司,北京,1.5-2.5万/月,02-25
技术文档助理,深圳市比一比网络科技有限公司,深圳-南山区,4-6千/月,02-25
Python开发工程师,广州华建工智慧科技有限公司,广州-黄埔区,1-1.5万/月,02-24
抖音推广,杭州东印化妆品有限公司,杭州-拱墅区,1-1.5万/月,02-24
抖音推广,杭州双平科技有限公司,杭州-江干区,0.8-1万/月,02-24
数据挖掘工程师,北京华宇泰聚科技有限公司,北京-海淀区,1.5-2万/月,02-22
C#/.net软件开发工程师,武汉淘京联合科技有限公司,武汉-青山区,0.6-1.2万/月,02-21
数据分析师,乐其网络科技有限公司,上海-长宁区,0.7-1.2万/月,02-21
数据实习生,广州市藏星网络科技有限公司,广州-海珠区,120元/天,02-21
风险管理部-风控助理（量化及系统建设方向）（实习）,财通证券资产管理有限公司上海分公司,上海,,02-21
算法工程师,深圳市超级猩猩健身管理有限公司,深圳-南山区,2-2.5万/月,02-20
后端开发工程师（侧重数据采集）,上海链投信息科技有限公司,上海-浦东新区,1.2-1.8万/月,02-20
web后端工程师,北京双湃智安科技有限公司,沈阳-和平区,1-1.5万/月,02-19
数据运营和分析工程师,中国中金财富证券有限公司,深圳-福田区,1-1.5万/月,02-19
高级软件工程师,上海天齐智能建筑股份有限公司,上海-普陀区,20-30万/年,02-19
AI算法工程师,咪咕互动娱乐有限公司,南京-建邺区,2-2.5万/月,02-19
Python开发工程师,深圳市迈特思创科技有限公司,深圳,1-1.5万/月,02-19
系统架构师,中山和合实业有限公司,中山,1.2-1.8万/月,02-19
ERP Java开发工程师,北京寺库商贸有限公司上海分公司,深圳-南山区,1.3-2.5万/月,02-18
Python开发工程师,南京锐意企创网络科技有限公司,南京-浦口区,0.8-1万/月,02-18
数据工程师,上海中汇亿达金融信息技术有限公司,上海-浦东新区,20-30万/年,02-18
网络管理员,信永中和北京总部,北京-东城区,,02-17
python工程师,广州奕策贸易有限公司,广州-番禺区,5-7千/月,02-16
python开发工程师,杭州所罗门信息科技有限公司,杭州-江干区,0.9-1.2万/月,02-15
VBA脚本开发助理,明略科技集团,烟台,3-4.5千/月,02-15
Python 数据分析师,知才（上海）信息技术有限公司,上海-黄浦区,1-1.6万/月,02-13
深度学习工程师,楚宬商务咨询服务（武汉）有限公司,武汉-武昌区,0.8-1.2万/月,02-13
大数据开发工程师,三诺生物传感股份有限公司,长沙,1-1.5万/月,02-13
Python开发工程师,广州速迈科技有限公司,广州-天河区,6-8千/月,02-13
大数据开发工程师,深圳联友科技有限公司,广州-花都区,0.8-1.5万/月,02-13
资深商业数据分析师（营销线）,MobData大数据云平台,上海-徐汇区,2-4万/月,02-12
高级JAVA工程师,1药网,上海-浦东新区,1.5-2.5万/月,02-12
跨境电商数据运营,宁波优耐特进出口有限公司,宁波,0.8-1万/月,02-12
数据采集工程师,上海前滩新兴产业研究院,上海-浦东新区,0.6-1.2万/月,02-12
数据分析工程师,山东众顺铝业有限公司,济南,1-1.5万/月,02-11
理脉-数据处理工程师,北京市金杜律师事务所,北京-朝阳区,1.5-2万/月,02-10
软件开发项目经理,云南东翔商务有限公司,昆明-官渡区,0.8-1.2万/月,02-10
Python开发工程师,成都思而科软件有限公司,成都,0.8-1.5万/月,02-09
运维工程师,上海讯实网络科技有限公司,南京-雨花台区,0.6-1万/月,02-09
数据挖掘工程师,普育吧科教技术（北京）有限公司华中分公司,武汉,1-1.5万/月,02-08
数据分析师,浩鲸云计算科技股份有限公司,南京-雨花台区,1.5-2万/月,02-07
JAVA中级开发工程师,北京中科联通科技有限责任公司,郑州-金水区,6-9千/月,02-07
SEO优化,北京物通时空网络科技开发有限公司河南分公司,郑州-管城回族...,6-8千/月,02-06
数据分析师,上海商羊资产管理有限公司,福州-台江区,0.8-1.5万/月,02-04
数据抓取工程师,宽华投资集团有限公司,杭州-余杭区,1.5-2万/月,02-04
数据挖掘工程师,成都市经济信息中心（成都市经济发展研究院）,成都,1-1.5万/月,02-03
Java中级开发工程师,易博国际旅行社（北京）有限公司,北京-东城区,1.2-2万/月,02-03
python后端开发工程师,北京人人金服投资管理有限公司,北京-朝阳区,1.1-2万/月,02-03
运营分析专员02,锦创科技股份有限公司,南京-秦淮区,4.5-6千/月,02-03
大数据开发工程师,上海事途科技（集团）有限公司,上海-闵行区,1.5-2.5万/月,02-02
Python开发工程师,深圳市世纪恒程知识产权代理事务所武汉分所,武汉,6-8千/月,02-01
Java软件工程师,辽宁骐迹科技有限公司,沈阳-和平区,10-30万/年,02-01
Python开发工程师,南京九度网络科技有限公司,北京-通州区,1-1.5万/月,01-23
数据分析师BI,杭州微柠科技有限公司,杭州-滨江区,0.7-1万/月,01-22
软件开发工程师,福州行健网络技术有限公司,福州-鼓楼区,6-8千/月,01-22
Web前端开发工程师,赛科工业科技开发（武汉）有限公司上海分公司,上海,1-1.5万/月,01-22
主题公园饲养（生命守护者）,武汉海云台企业管理有限公司,武汉-江岸区,3.5-4千/月,01-22
AI数据工程师（正大集团）,上海正圆计算机科技有限公司,南京-玄武区,1.5-3万/月,01-21
Java开发工程师,武汉票贴贴科技有限责任公司,鄂州,5-8千/月,01-21
资深安全工程师,挚享科技（上海）有限公司,上海-长宁区,2-3.1万/月,01-21
Java高级开发工程师,浙江天天商旅国际旅行社有限公司,宁波,1.5-2万/月,01-21
全栈工程师,世航国际基金管理（深圳）有限公司,深圳-福田区,1.5-2万/月,01-21
六险急招.net软件开发工程师,北京正橹航空服务有限公司,长沙-天心区,0.7-1万/月,01-20
SEO专员,上海浦圣环保机械有限公司,上海-嘉定区,0.8-1万/月,01-20
数据工程师,北京博达克咨询有限公司,北京-朝阳区,2.2-2.5万/月,01-20
大数据开发工程师,无锡智慧城市建设发展有限公司,无锡,0.8-1.5万/月,01-19
Python开发工程师,上海智德投资管理有限公司,上海,1-1.5万/月,01-19
数据库工程师,上海瀚铭数据信息有限公司,上海-浦东新区,1-1.5万/月,01-19
Python开发工程师,深圳乐通信息技术有限公司,武汉-东西湖区,0.8-1万/月,01-19
SEO专员,深圳市万创科技有限公司,深圳,6-8千/月,01-18
大数据技术研发经理,时代嘉道企业机构,上海-长宁区,1.5-2万/月,01-18
软件工程师,深圳市源林电子商务有限公司,深圳-龙华新区,1-1.5万/月,01-17
Python研发工程师,无疆酒店管理（江西）有限公司,北京-朝阳区,1.8-2.2万/月,01-17
高级软件研发工程师,深圳市华一软件开发有限公司,深圳,0.8-1万/月,01-17
爬虫工程师（180/天）,巧工匠（深圳）信息技术服务有限公司,深圳-南山区,180元/天,03-17
Python爬虫实习生,美英港新留学,南京-秦淮区,2-4千/月,03-17
IT技术支持,南京宝易佰网络科技有限公司,南京-玄武区,1.5千以下/月,03-17
Python讲师,湖南潭州教育网络科技有限公司北京分公司,北京-石景山区,4-8千/月,03-17
python开发实习生,江苏博思堂房地产综合服务股份有限公司,苏州-吴中区,2-3千/月,03-17
Python实习,武汉俊誉科技信息技术有限公司,武汉,2-3千/月,03-17
python开发实习生,广州深声科技有限公司,广州-天河区,2.5-3.5千/月,03-17
python实习生,浙江森乐服饰有限公司,上海-闵行区,2-3千/月,03-17
数据处理工程师（实习生）,广东国地规划科技股份有限公司,广州-天河区,1-2千/月,03-17
智能算法工程师,新仁类,上海-浦东新区,1.5-2千/月,03-16
数据分析/数据挖掘工程师,广东泰迪智能科技股份有限公司,广州,100元/天,03-13
开发工程师,浙江北斗数据科技股份有限公司,宁波-江北区,2-3千/月,03-11
Python高级开发工程师,广东顺德西安交通大学研究院,佛山-顺德区,10000元/天,03-10
信息技术总监,湖北周黑鸭企业发展有限公司,武汉,5-7万/月,03-03
Python讲师,广州粤嵌通信科技股份有限公司,广州-黄埔区,1.5-2千/月,02-21
爬虫工程师,中国太平洋财产保险股份有限公司东莞分公司,东莞,10-15万/年,03-17
爬虫部经理,深圳筑龙信息技术有限责任公司,深圳-福田区,0.8-1.2万/月,03-17
爬虫工程师,杭州筑龙信息技术股份有限公司,杭州-滨江区,1.5-2万/月,03-17
python爬虫工程师,上海欧锐信息咨询有限公司,嘉兴,0.6-1万/月,03-17
高级Spider爬虫研发工程师,智线云科技（北京）有限公司武汉分公司,武汉-洪山区,0.8-1.3万/月,03-17
爬虫工程师（Java或Python）,智线云科技（北京）有限公司武汉分公司,武汉-洪山区,1.5-2.5万/月,03-17
Java爬虫工程师,北京三六九数动科技有限公司,北京,2.5-3万/月,03-17
高级爬虫工程师（Java）,广州数说故事信息科技有限公司,广州-天河区,1.5-2万/月,03-17
8K+初级爬虫工程师+双休五险,广州数说故事信息科技有限公司,广州-天河区,1.5-2万/月,03-17
爬虫开发工程师,长沙紫檀数据科技有限公司,长沙-岳麓区,6-8千/月,03-17
爬虫工程师,静瞳海外投资顾问（深圳）有限公司,深圳-福田区,1.5-3万/月,03-17
爬虫工程师(R10113),静瞳海外投资顾问（深圳）有限公司,广州,1.5-2万/月,03-17
Python爬虫工程师,苏州贝尔塔数据技术有限公司,苏州-工业园区,1.5-2万/月,03-17
爬虫开发工程师,广州特道信息科技有限公司,广州,6-8千/月,03-17
资深爬虫工程师,海南太美航空股份有限公司,成都,0.8-1.5万/月,03-17
爬虫开发工程师,上海优克锡企业管理顾问有限公司,济南-市中区,2-3.5万/月,03-17
中高级爬虫工程师,成都品宏源创科技有限公司,深圳-南山区,1.2-1.6万/月,03-17
爬虫工程师-伏羲实验室003,成都搜江湖科技信息有限公司,成都-金牛区,0.6-1.2万/月,03-17
爬虫工程师,网易集团,杭州,1-1.5万/月,03-17
爬虫工程师,网易集团,广州,2.5-3万/月,03-17
爬虫开发工程师（双休五险一金）,医药魔方,北京-朝阳区,1-2万/月,03-16
python爬虫开发工程师（双休+奖金）,南京涌亿思信息技术有限公司,南京-秦淮区,0.6-1.2万/月,03-16
java爬虫工程师,邯郸市辰星网络科技有限公司,石家庄,4.5-8千/月,03-16
爬虫开发工程师,上海蜜度信息技术有限公司,上海,0.8-1.2万/月,03-16
python爬虫实习生,易居企业（中国）集团有限公司,合肥-蜀山区,6-8千/月,03-16
TEG13-python爬虫开发工程师,指南者教育,南京,200元/天,03-16
.NET爬虫开发工程师,深圳市腾讯计算机系统有限公司,深圳,,03-16
爬虫工程师,北京弘亚世纪投资顾问有限公司上海分公司,上海,1.5-2.5万/月,03-13
Java工程师爬虫方向（大三大四学生）,深圳市英驰贸易科技有限公司,深圳-龙华新区,0.8-1.2万/月,03-13
数据爬虫工程师,上海璞锐公关策划咨询有限公司,上海,3-4.5千/月,03-11
数据爬虫工程师,北京中农富通城乡规划设计研究院有限公司,西安-碑林区,0.6-1.2万/月,03-11
数据爬虫工程师,北京中农富通城乡规划设计研究院有限公司,厦门,500元/天,03-11
数据爬虫工程师,北京中农富通城乡规划设计研究院有限公司,厦门,0.6-1.2万/月,03-11
数据爬虫工程师,北京中农富通城乡规划设计研究院有限公司,北京-海淀区,500元/天,03-11
爬虫工程师（解决方案）,北京中农富通城乡规划设计研究院有限公司,北京-海淀区,0.8-1.5万/月,03-11
爬虫工程师（***）,广州探迹科技有限公司,广州-番禺区,1.5-2.5万/月,03-11
高级爬虫工程师 (MJ007042),北京易智思信息科技有限公司,武汉-洪山区,3-4.5千/月,03-09
爬虫开发工程师-产品技术平台,搜狐焦点,北京-海淀区,1.5-2.5万/月,03-09
爬虫工程师,搜狐焦点,北京-海淀区,1.5-2.5万/月,03-09
爬虫开发工程师,成都品宏源创科技有限公司,成都-高新区,0.8-1.6万/月,03-02
( [ python爬虫开发工程师 ] ),成都指玩科技有限公司,成都-武侯区,4.5-8千/月,02-28
BI开发工程师/爬虫工程师/数据采集工程师,林氏木业,异地招聘,1.5-2万/月,02-28
跨境电商爬虫开发工程师,深圳市微八进出口有限公司,深圳-龙岗区,1-2万/月,02-27
爬虫开发工程师,南京茂毓通软件科技有限公司,南京-雨花台区,0.8-1.5万/月,02-25
爬虫开发系统工程师,南京茂毓通软件科技有限公司,南京-雨花台区,2.5-4万/月,02-21
Python爬虫研发工程师,广州多益网络股份有限公司,广州-黄埔区,1-2万/月,02-21
爬虫开发工程师,浙江华治数聚科技股份有限公司,北京-海淀区,1-1.5万/月,02-05
逆向（爬虫）工程师,浙江华治数聚科技股份有限公司,北京-海淀区,1.5-2万/月,02-05
高级爬虫工程师,浙江华治数聚科技股份有限公司,北京-海淀区,1.5-2万/月,02-05
高级爬虫工程师（高新）,广州仁昌网络科技有限公司,异地招聘,3-4万/月,01-23
高级爬虫工程师（高新）,广州仁昌网络科技有限公司,异地招聘,3-4万/月,01-23
高级爬虫工程师（高新）,广州仁昌网络科技有限公司,异地招聘,3-4万/月,01-23
高级爬虫工程师（高新）,广州仁昌网络科技有限公司,异地招聘,3-4万/月,01-23
高级爬虫工程师（高新）,广州仁昌网络科技有限公司,异地招聘,3-4万/月,01-23
高级爬虫工程师（高新）,广州仁昌网络科技有限公司,广州-天河区,3-4万/月,01-23
高级爬虫工程师（高新）,广州仁昌网络科技有限公司,异地招聘,3-4万/月,01-23
高级爬虫工程师（高新）,广州仁昌网络科技有限公司,异地招聘,3-4万/月,01-23
爬虫工程师,武汉慧通远达信息技术有限公司,异地招聘,0.7-1.2万/月,01-21
网络爬虫工程师（实习）,上海恒生聚源数据服务有限公司,杭州-江干区,3-4.5千/月,01-19
26699-智慧零售后台开发工程师,深圳市腾讯计算机系统有限公司,深圳,,03-17
Java工程师,广州金科企业征信有限公司,广州-天河区,6-9千/月,03-17
Python开发工程师,上海新大陆翼码信息科技股份有限公司,上海,1-3万/月,03-17
Python高级开发工程师,深圳市道合顺科技有限公司,深圳-福田区,2-3万/月,03-17
Java中级开发工程师,杭州软星科技有限公司,杭州-拱墅区,0.6-1.2万/月,03-17
Python开发工程师,北京华脉世纪石油科技有限公司,北京,0.8-1万/月,03-17
Python工程师,广州华央电子科技有限公司,广州-黄埔区,6-8千/月,03-17
python讲师,湖南潭州教育网络科技有限公司成都分公司,成都-成华区,6-8千/月,03-17
急聘python讲师五险+宿补,湖南潭州教育网络科技有限公司贵阳分公司,贵阳,6-8万/年,03-17
Python开发工程师,中软国际科技服务有限公司,西安-雁塔区,1-1.5万/月,03-17
运维工程师,中软国际科技服务有限公司,深圳-南山区,1-1.5万/月,03-17
Web前端开发（阿里）,中软国际科技服务有限公司,广州-天河区,1-1.3万/月,03-17
网站优化工程师,杭州筑龙信息技术股份有限公司,杭州-滨江区,4-8千/月,03-17
中级golang工程师,杭州深绘智能科技有限公司,成都-双流区,1.1-1.9万/月,03-17
SEO网络推广（阿里巴巴国际站）,广州市汉婷信息科技有限公司,广州-天河区,6-8千/月,03-17
Java开发工程师,苏州时玳运成网络科技发展有限公司,苏州-工业园区,1.7-2.7万/月,03-17
研发工程师（江苏省）,北京神州绿盟信息安全科技股份有限公司,江苏省,,03-17
研发工程师（杭州）,北京神州绿盟信息安全科技股份有限公司,杭州,,03-17
研发工程师（成都）,北京神州绿盟信息安全科技股份有限公司,成都,,03-17
实习安全研究员(J12131),绿盟科技,广州-荔湾区,150元/天,03-17
Python 后端开发工程师(J11843),绿盟科技,西安-高新技术...,1-1.8万/月,03-17
搜索引擎专家(TJ0015),万得信息技术股份有限公司（Wind资讯）,南京-建邺区,30-40万/年,03-17
资深Java软件工程师(TJ0013),万得信息技术股份有限公司（Wind资讯）,南京-建邺区,20-30万/年,03-17
高级C++软件工程师(TE0005),万得信息技术股份有限公司（Wind资讯）,上海-浦东新区,20-30万/年,03-17
Java架构师(TJ0014),万得信息技术股份有限公司（Wind资讯）,南京-建邺区,30-40万/年,03-17
Java架构师(TJ0005),万得信息技术股份有限公司（Wind资讯）,上海-浦东新区,20-30万/年,03-17
软件工程师（算法高级）(TA0006),万得信息技术股份有限公司（Wind资讯）,南京-建邺区,,03-17
软件工程师（算法研究）(TA0004),万得信息技术股份有限公司（Wind资讯）,南京-建邺区,,03-17
资深软件工程师（搜索引擎）(TJ0016),万得信息技术股份有限公司（Wind资讯）,南京-建邺区,,03-17
资深Java软件工程师(TJ0004),万得信息技术股份有限公司（Wind资讯）,上海-浦东新区,20-30万/年,03-17
高级JAVA软件工程师(TJ0003),万得信息技术股份有限公司（Wind资讯）,上海-浦东新区,20-30万/年,03-17
高级C#软件工程师(TC0006),万得信息技术股份有限公司（Wind资讯）,南京,15-20万/年,03-17
地理位置中台方向工程师,字节跳动,深圳,2-4万/月,03-17
scratch少儿编程老师,东莞市海豚教育科技有限公司,东莞-石龙镇,6-8千/月,03-17
高级数据分析工程师,广东尚睿网络技术有限公司,异地招聘,1-1.6万/月,03-17
高级数据分析工程师,广东尚睿网络技术有限公司,异地招聘,1-1.6万/月,03-17
高级数据分析工程师,广东尚睿网络技术有限公司,东莞-东城区,1-1.6万/月,03-17
SEO网络优化推广,山东九鼎企业管理咨询有限公司,济南-高新区,6-8千/月,03-17
SEO网络优化推,山东九鼎企业管理咨询有限公司,济南-高新区,6-8千/月,03-17
Python开发工程师,上海欧锐信息咨询有限公司,上海-杨浦区,0.8-1.2万/月,03-17
Web安全工程师,北京启明星辰信息安全技术有限公司,长沙,0.6-1.2万/月,03-17
安全运营,奇虎360科技有限公司,天津,1.5-2万/月,03-17
匿名网络分析师,奇虎360科技有限公司,北京,2-2.5万/月,03-17
Python开发工程师,西安先驱电子科技有限公司,西安,4.5-6千/月,03-17
机器学习算法工程师,广东南芯医疗科技有限公司,广州-黄埔区,1-1.8万/月,03-17
SEO工程师,上海途阔网络科技有限公司,上海-普陀区,1-2万/月,03-17
大数据后台工程师,广西飞熊科技有限公司,柳州,1-1.5万/月,03-17
Java开发/Java开发工程师,国衡智慧城市科技研究院（北京）有限公司,北京,0.8-1万/月,03-17
饲养员（室内动物园）,上海物垣贸易有限公司,上海-嘉定区,4.5-6千/月,03-17
数据处理分析师（实习岗位）,凌旭科技,苏州-工业园区,2-3千/月,03-17
Java开发工程师,武汉研锶信息科技有限公司,武汉-东湖新技...,0.9-1.2万/月,03-17
Java研发工程师,武汉研锶信息科技有限公司,武汉-东湖新技...,0.9-1.2万/月,03-17
Java高级开发工程师,武汉研锶信息科技有限公司,武汉-东湖新技...,1.2-2万/月,03-17
Java开发工程师,武汉研锶信息科技有限公司,武汉-东湖新技...,0.9-1.2万/月,03-17
高级Java工程师,武汉研锶信息科技有限公司,武汉-东湖新技...,1.2-2万/月,03-17
Java工程师,武汉研锶信息科技有限公司,武汉-东湖新技...,0.9-1.2万/月,03-17
Java高级开发工程师,武汉研锶信息科技有限公司,武汉-东湖新技...,1.2-2万/月,03-17
Java软件开发,武汉研锶信息科技有限公司,武汉-东湖新技...,0.9-1.2万/月,03-17
Java,武汉研锶信息科技有限公司,武汉-东湖新技...,0.9-1.2万/月,03-17
AI数据分析人工智能师,深圳市诺维尔科技互联网有限公司,深圳-龙华新区,0.8-1万/月,03-17
人工智能工程师,购乐贸易（深圳）有限公司,深圳-龙华新区,0.8-1万/月,03-17
测试分析师,购乐贸易（深圳）有限公司,深圳-罗湖区,0.8-1万/月,03-17
机器人研发工程师,购乐贸易（深圳）有限公司,深圳-罗湖区,1-1.5万/月,03-17
AI技术工程师,购乐贸易（深圳）有限公司,深圳-龙华新区,1-1.5万/月,03-17
人工智能算法工程师招聘,购乐贸易（深圳）有限公司,深圳-龙华新区,1-1.5万/月,03-17
JAVA培训讲师,北京友聚四海网络科技有限公司,北京-朝阳区,2.5-3万/月,03-17
.NET开发工程师,北京友聚四海网络科技有限公司,北京-朝阳区,2-2.5万/月,03-17
Web前端开发工程师,广州优视电子有限责任公司,广州-天河区,0.5-1万/月,03-17
乐高/编程老师+双休+五险一金+餐补+上市教育,佛山童程童美教育科技有限公司,佛山-顺德区,0.8-1万/月,03-17
乐高/编程老师+上市教育+五险一金+均薪8K起 su,佛山童程童美教育科技有限公司,佛山-顺德区,0.8-1万/月,03-17
网络推广专员(SEM/会Python为佳),深圳市宇达计算机有限公司,深圳-南山区,0.4-2万/月,03-17
SEO,深圳市墨者安全科技有限公司,深圳-南山区,0.8-1万/月,03-17
Java开发工程师,苏州时玳运成网络科技发展有限公司,异地招聘,1.7-2.7万/月,03-17
Hadoop开发工程师,北京三六九数动科技有限公司,北京-朝阳区,2-2.5万/月,03-17
Python 工程师,北京三六九数动科技有限公司,北京-朝阳区,1-1.5万/月,03-17
天猫数据专员,乐扣乐扣（中国）,上海,6-8千/月,03-17
数据挖掘算法工程师,绿漫科技有限公司,杭州-西湖区,1.5-2万/月,03-17
Java/Python软件工程师,长沙紫檀数据科技有限公司,长沙-岳麓区,0.6-1.2万/月,03-17
15K+中级Python开发工程师+双休五险,长沙紫檀数据科技有限公司,长沙-岳麓区,1-1.5万/月,03-17
8K+初级Python开发工程师+双休五险,长沙紫檀数据科技有限公司,长沙-岳麓区,6-8千/月,03-17
情报专员（教育方向）,福建网龙计算机网络信息技术有限公司,福州-鼓楼区,6-8千/月,03-17
程序开发工程师,广州赛脑信息科技有限公司,广州-天河区,1-1.5万/月,03-17
python爬取工程师,上海恒生聚源数据服务有限公司,上海,1.5-2.5万/月,03-17
配置人员,上海恒生聚源数据服务有限公司,上海,6-8千/月,03-17
C#开发工程师,上海恒生聚源数据服务有限公司,上海,1.5-2.5万/月,03-17
数据工程师,静瞳海外投资顾问（深圳）有限公司,广州,1-1.5万/月,03-17
大数据开发工程师,静瞳海外投资顾问（深圳）有限公司,深圳-福田区,1.5-2万/月,03-17
数字货币程序员/量化交易程序员,静瞳海外投资顾问（深圳）有限公司,广州,1.8-3万/月,03-17
Java开发工程师,广州九图信息科技有限公司,肇庆,0.8-1万/月,03-17
大数据开发工程师,智慧芽信息科技（苏州）有限公司,苏州-工业园区,1.5-2.5万/月,03-17
高级数据工程师,智慧芽信息科技（苏州）有限公司,苏州-工业园区,1.5-2.5万/月,03-17
高级Java开发工程师（数据开发部）,深圳市泽宝创新技术有限公司,深圳-龙岗区,2-3万/月,03-17
PHP开发工程师,深圳市墨知创新科技有限公司,西安-高新技术...,0.7-1.2万/月,03-17
数据分析师,江苏梦嘉控股集团有限公司,苏州-工业园区,0.6-1万/月,03-17
系统开发及运维工程师,武汉市德发信息技术有限公司,武汉,1-1.5万/月,03-17
程序开发专员,广东爱霖科技有限公司,广州-天河区,4-8千/月,03-17
Python开发工程师/讲师,如皋中软国际信息技术有限公司,南通,1.3-1.8万/月,03-17
Python开发工程师,大参林医药集团股份有限公司,异地招聘,0.8-1万/月,03-17
Python开发工程师,大参林医药集团股份有限公司,广州,0.8-1万/月,03-17
中级软件工程师(Python),重庆维普资讯有限公司,重庆-渝北区,0.6-1.2万/月,03-17
IT技术支持,成都匠领科技有限公司,成都-双流区,0.3-1.5万/月,03-17
Python 数据工程师,成都匠领科技有限公司,成都-双流区,0.4-1万/月,03-17
应届生 数据分析专员,成都匠领科技有限公司,成都-双流区,0.4-1万/月,03-17
IT 工程师 技术支持 网络运维 外企福利 闯者天堂,成都匠领科技有限公司,成都,0.4-1万/月,03-17
高级python工程师,广东博士科技有限公司,广州-黄埔区,1.3-2万/月,03-17
数据开发工程师,安吉康尔（深圳）科技有限公司,深圳-龙华新区,1-2万/月,03-17
Python开发工程师,海南太美航空股份有限公司,海南省,6-8千/月,03-17
Python开发工程师,海南太美航空股份有限公司,成都,0.8-1.5万/月,03-17
Java高级开发工程师,宏兆集团,深圳-南山区,0.8-1.5万/月,03-17
Java开发工程师,深圳市蓝思网络技术有限公司,深圳,1.2-2万/月,03-17
研发产品经理,郑州李唐电子科技有限公司,郑州,2-3万/月,03-17
系统架构师,郑州李唐电子科技有限公司,郑州,1.5-3万/月,03-17
软件系统架构师,郑州李唐电子科技有限公司,郑州,1.5-2万/月,03-17
ERP开发,郑州李唐电子科技有限公司,郑州,1-2万/月,03-17
Python高级开发工程师（AI）,杭州祐全科技发展有限公司,杭州-余杭区,1.8-3.5万/月,03-17
软件测试工程师,成都搜江湖科技信息有限公司,成都-金牛区,4-5.5千/月,03-17
算法工程师,米思米（中国）精密机械贸易有限公司,上海-静安区,1-2.2万/月,03-17
数据挖掘工程师,米思米（中国）精密机械贸易有限公司,上海-静安区,1-2.2万/月,03-17
游戏数据分析师,网易集团,广州,1-1.5万/月,03-17
游戏数据分析师,网易集团,广州-天河区,1-1.5万/月,03-17
阿里云智能-行业解决方案运营专家-北京/杭州,阿里巴巴集团,北京,,03-17
达摩院-工程技术专家-NLP&amp;Data Solution,阿里巴巴集团,杭州,,03-17
飞猪技术-高级Java工程师/技术专家-杭州,阿里巴巴集团,杭州,,03-17
创新事业群UC事业部-Java技术专家,阿里巴巴集团,北京,,03-17
数据技术及产品部-数据研发专家-文娱数据基础架构方向,阿里巴巴集团,北京,,03-17
阿里集团-CRO-情报数据挖掘专家,阿里巴巴集团,杭州,,03-17
医学产品数据规划师,火石创造（医健产业大数据）,杭州-滨江区,20-30万/年,03-16
Python开发工程师,苏州聚捷信息技术有限公司,苏州-高新区,1-1.5万/月,03-16
大数据开发工程师,北京新大陆时代教育科技有限公司,福州,1.2-2万/月,03-16
AI工程师（实习生）,南京涌亿思信息技术有限公司,南京,6-8千/月,03-16
自然语言处理（NLP）实习生,南京涌亿思信息技术有限公司,南京,6-8千/月,03-16
Python高级开发工程师,上海灏程信息科技有限公司,上海-闵行区,1.5-3万/月,03-16
Python开发工程师,上海灏程信息科技有限公司,上海-闵行区,1-2万/月,03-16
政策申报员,深圳市应新信息技术研究院,深圳-坪山区,3-4.5千/月,03-16
Java开发工程师,深圳前海思空传媒有限公司,深圳-南山区,0.8-1.2万/月,03-16
谷歌SEO网络推广（天河/有挑战性）,广州市汉婷信息科技有限公司,广州-天河区,0.8-1.2万/月,03-16
Google谷歌SEO网站优化,广州市汉婷信息科技有限公司,广州-天河区,5-8千/月,03-16
Google谷歌推广/外贸平台运营推广,广州市汉婷信息科技有限公司,广州-天河区,5-8千/月,03-16
Google运营SEO海外推广,广州市汉婷信息科技有限公司,广州-天河区,5-8千/月,03-16
数据爬取,湖南新星咨询集团,长沙,0.5-1万/月,03-16
架构师,广州壹零软件技术有限公司,广州-天河区,20-40万/年,03-16
Python开发工程师,成都龙捷科技有限公司,深圳-宝安区,6-8千/月,03-16
Python开发工程师,深圳神木源科技有限公司,深圳-龙岗区,6-8千/月,03-16
Python开发工程师3,深圳神木源科技有限公司,深圳-福田区,6-8千/月,03-16
Python开发工程师,深圳神木源科技有限公司,深圳-宝安区,6-8千/月,03-16
数据平台工程师,广州逸仙电子商务有限公司,广州-天河区,1.5-2万/月,03-16
人工智能工程师,深圳市诺维尔科技互联网有限公司,异地招聘,0.8-1万/月,03-16
AI算法工程师无人驾驶,深圳市诺维尔科技互联网有限公司,异地招聘,0.8-1万/月,03-16
全栈工程师月薪8至12K,深圳市诺维尔科技互联网有限公司,异地招聘,1-1.5万/月,03-16
AI算法工程师无人驾驶,深圳市诺维尔科技互联网有限公司,异地招聘,1-1.5万/月,03-16
数据研发工程师,深圳市世联土地房地产评估有限公司,深圳-福田区,1-1.5万/月,03-16
java工程师,上海蜜度信息技术有限公司,上海,0.8-1.2万/月,03-16
Java高级工程师,上海蜜度信息技术有限公司,上海-浦东新区,1.5-2万/月,03-16
大数据分析项目经理,易居企业（中国）集团有限公司,上海-静安区,1-1.5万/月,03-16
数据分析师,易居企业（中国）集团有限公司,成都-青羊区,5-7千/月,03-16
数据量化建模分析,诺贝尔曼（上海）商业投资管理有限公司,上海-黄浦区,6-8千/月,03-16
.NET Web工程师,柳州市银航科技有限公司,柳州,0.6-1万/月,03-16
Python开发工程师,赛速科技,西安-雁塔区,6-8千/月,03-16
大数据开发,赛速科技,西安-雁塔区,6-8千/月,03-16
风控经理,新城发展投资有限公司,上海-普陀区,20-30万/年,03-16
中级脚本开发工程师（python）,广州网融信息技术有限公司,广州-海珠区,1-1.5万/月,03-16
脚本实习生,广州网融信息技术有限公司,广州-天河区,2-3千/月,03-16
中级Java开发工程师（武汉）,广州网融信息技术有限公司,异地招聘,0.8-1.2万/月,03-16
python开发工程师,广州网融信息技术有限公司,广州-海珠区,1-2万/月,03-16
PCG19-腾讯视频搜索后台研发工程师（深圳）,深圳市腾讯计算机系统有限公司,深圳,,03-16
PCG19-腾讯视频搜索后台工程师(深圳),深圳市腾讯计算机系统有限公司,深圳,,03-16
28603-微信支付后台策略安全工程师（深圳）,深圳市腾讯计算机系统有限公司,深圳,,03-16
30359-后台开发高级工程师(北京),深圳市腾讯计算机系统有限公司,北京,,03-16
WXG03-小程序内容挖掘系统&amp;搜索前端开发（广州,深圳市腾讯计算机系统有限公司,广州,,03-16
21882-腾讯医疗搜索后台开发,深圳市腾讯计算机系统有限公司,深圳,,03-16
21882-腾讯医疗搜索后台开发,深圳市腾讯计算机系统有限公司,深圳,,03-16
CSIG14-后台开发（深圳）,深圳市腾讯计算机系统有限公司,深圳,,03-16
AI算法工程师无人驾驶核心技术,广东省尚道留学人员服务中心,深圳-龙岗区,1-1.5万/月,03-15
机器人研发算法工程师,广东省尚道留学人员服务中心,深圳-龙华新区,1-1.5万/月,03-15
Python开发工程师,“前程无忧”51job.com（上海）,上海,,03-15
数据分析助理（实习）,晤桥亚洲资产管理咨询与软件有限公司,深圳,4.5-6千/月,03-14
技术,河南牧唐信息技术有限责任公司,异地招聘,4.5-8千/月,03-14
技术,河南牧唐信息技术有限责任公司,洛阳,4.5-8千/月,03-14
Python开发工程师,邯郸市辰星网络科技有限公司,深圳-福田区,6-8千/月,03-14
Python开发工程师,广州迪奥信息科技有限公司,广州-天河区,7-9千/月,03-14
雄研院-资深系统架构师,中移系统集成（中移雄研院）,保定,1.5-2万/月,03-13
数据标注工程师（实习生）,苏州瑞翼信息技术有限公司,苏州-工业园区,3-5千/月,03-13
软件工程专业教师,电子科技大学成都学院,异地招聘,4.5-15万/年,03-13
数据运营主管,深圳市沃客非凡科技有限公司,深圳-福田区,1-2.5万/月,03-13
高级数据分析师,赛速科技,西安-雁塔区,0.7-1.2万/月,03-13
大数据应用开发工程师,博拉网络股份有限公司,重庆,1-1.5万/月,03-13
高级java工程师,博拉网络股份有限公司,重庆,0.8-1.5万/月,03-13
商务经理,南京小西网络科技有限公司,南京-雨花台区,0.6-1.2万/月,03-13
数据分析专员,广州粤达互娱科技有限公司,广州-天河区,0.7-1万/月,03-13
PHP开发工程师--情报系统研发方向,深圳市乐思软件技术有限公司,深圳,1-2万/月,03-13
PHP开发工程师（应届）,深圳市乐思软件技术有限公司,深圳,6-9千/月,03-13
SEO主管,上海为都信息科技有限公司,上海-宝山区,1-2万/月,03-12
数据分析师,无锡市车同轨科技有限公司,无锡-梁溪区,4.5-6千/月,03-11
Java资深程序员,上海鹏越惊虹信息技术发展有限公司,上海-浦东新区,0.8-1万/月,03-11
iOS开发工程师,辽宁迈克集团股份有限公司,大连-沙河口区,0.6-1万/月,03-11
PHP后台开发工程师,辽宁迈克集团股份有限公司,大连-沙河口区,6-9千/月,03-11
Java开发工程师,北京中农富通城乡规划设计研究院有限公司,西安-碑林区,0.6-1.2万/月,03-11
Java开发工程师,北京中农富通城乡规划设计研究院有限公司,厦门,0.6-1.2万/月,03-11
Java开发工程师,北京中农富通城乡规划设计研究院有限公司,北京-海淀区,1-1.5万/月,03-11
PHP高级工程师,广东优德科技有限公司,广州-海珠区,0.8-1.2万/月,03-11
PHP高级工程师,广东优德科技有限公司,异地招聘,0.8-1.2万/月,03-11
Web安全工程师,北京启明星辰信息安全技术有限公司,长沙,1-2万/月,03-11
Web安全工程师,北京启明星辰信息安全技术有限公司,武汉-江岸区,1-2万/月,03-11
Web安全工程师,北京启明星辰信息安全技术有限公司,长沙,1-2万/月,03-11
Web安全工程师,北京启明星辰信息安全技术有限公司,武汉-江岸区,1-2万/月,03-11
Java高级开发工程师,臻坤生物科技（苏州）有限公司,苏州-吴江区,1.2-2.5万/月,03-10
Java高级开发工程师,臻坤生物科技（苏州）有限公司,异地招聘,1.2-2.5万/月,03-10
PHP开发工程师,四川电科网安科技有限公司,成都-双流区,0.8-1.4万/月,03-10
Python人工智能讲师培训师,南京词酷网络信息技术有限公司,异地招聘,4-8千/月,03-09
数据工程师,万达信息股份有限公司,上海,1-2万/月,03-09
PHP软件工程师,深圳市乐思软件技术有限公司,深圳-南山区,0.9-1.1万/月,03-09
中级python,北京国研网信息有限公司,成都-高新区,0.8-1.5万/月,03-09
智慧城市大数据处理分析师（计算机方向）,深圳诺地思维数字科技有限公司,深圳-宝安区,0.6-1万/月,03-09
中级Python开发工程师,北京值得买科技股份有限公司青岛分公司,青岛-市北区,0.8-1.5万/月,03-09
Python开发工程师,北京值得买科技股份有限公司青岛分公司,青岛-市北区,0.8-1.5万/月,03-09
数据研发总监,南极电商（上海）有限公司,上海-杨浦区,2-3.5万/月,03-09
资深数据研发工程师,南极电商（上海）有限公司,上海-杨浦区,2-3.5万/月,03-09
JAVA工程师,深圳麦亚信科技股份有限公司,深圳-福田区,1-1.5万/月,03-09
Python开发讲师,河南新华电脑学院,郑州-中原区,0.8-1万/月,03-08
Python开发讲师,河南新华电脑学院,郑州-中原区,0.8-1万/月,03-08
软件工程师,北京远大创新科技有限公司,异地招聘,0.8-1万/月,03-07
Python高级开发工程师,河南蓝狐文化传播有限公司,异地招聘,1-1.5万/月,03-06
软件开发工程师,任拓数据科技（上海）有限公司,上海,1-2万/月,03-06
Python开发工程师,苏州新亚科技有限公司,异地招聘,6-8千/月,03-05
Python开发工程师,苏州新亚科技有限公司,异地招聘,6-8千/月,03-05
Python开发工程师,苏州新亚科技有限公司,异地招聘,6-8千/月,03-05
java急聘高薪AI方向,深圳麦亚信科技股份有限公司,深圳-福田区,1.2-1.5万/月,03-05
Python开发工程师,广州市华谊通用科技有限公司,广州-天河区,1-1.5万/月,03-05
广告策划,成都创人所爱科技股份有限公司 (tap4fun),成都,1.5-3万/月,03-03
风控数据分析师,宁波青年优品控股集团有限公司,宁波,1-2万/月,03-02
PHP高级开发工程师,深圳市光逸科技创新有限公司,深圳-福田区,1.8-3万/月,02-29
知识图谱算法工程师,广州安望信息科技有限公司,广州-天河区,1.5-3万/月,02-28
Python开发工程师,广州安望信息科技有限公司,广州-天河区,1-1.5万/月,02-28
NLP算法工程师(J10634),智慧芽信息科技（苏州）有限公司,上海-静安区,2-4万/月,02-27
NLP算法工程师(J10634),智慧芽信息科技（苏州）有限公司,上海-静安区,2-4万/月,02-27
自然语言处理工程师(J10616),智慧芽信息科技（苏州）有限公司,苏州-工业园区,2-3万/月,02-27
自然语言处理工程师,智慧芽信息科技（苏州）有限公司,上海-静安区,2-4万/月,02-27
电商软件开发工程师,杭州瑞合品牌管理有限公司,杭州-滨江区,1.3-1.8万/月,02-27
电商软件开发工程师,杭州瑞合品牌管理有限公司,杭州-滨江区,1.3-1.8万/月,02-27
期货分析师,广东锭海神针金属科技有限公司,异地招聘,1-2万/月,02-27
期货分析师,广东锭海神针金属科技有限公司,异地招聘,1-2万/月,02-27
跨境电商软件开发,深圳市微八进出口有限公司,深圳-龙岗区,2.5-3万/月,02-27
经营分析主管,武汉贝壳房地产经纪有限公司,武汉-江汉区,6-8千/月,02-27
运维工程师,北京思特奇信息技术股份有限公司新疆分公司,乌鲁木齐,6-8千/月,02-26
Led灯选品专员,广州琳桦科技有限责任公司,广州-增城,6-8千/月,02-25
Java开发工程师--上海驻场,南京擎盾信息科技有限公司,异地招聘,0.7-1.2万/月,02-25
软件测试工程师,南京擎盾信息科技有限公司,南京-雨花台区,6-8千/月,02-25
机器学习&amp;自然语言处理研发工程师,南京擎盾信息科技有限公司,南京-雨花台区,1.8-2.5万/月,02-25
python,上海思勃商务咨询有限公司,上海-徐汇区,0.8-1.5万/月,02-25
数据开发工程师-大数据应用二部,艾瑞咨询集团,上海-徐汇区,0.8-1.5万/月,02-25
Python开发工程师,南京擎盾信息科技有限公司,南京-雨花台区,1-1.8万/月,02-24
Java驻场开发工程师（浙江杭州驻场）,南京擎盾信息科技有限公司,异地招聘,0.8-1万/月,02-24
Java研发工程师,瀚思安信（北京）软件技术有限公司,南京-江宁区,1.5-2.5万/月,02-24
Java开发工程师,瀚思安信（北京）软件技术有限公司,南京-江宁区,1.5-2万/月,02-24
风险管理部-风控助理（系统建设方向）,财通证券资产管理有限公司上海分公司,上海,,02-21
软件工程师,上海凭安征信服务有限公司,北京-海淀区,1-2万/月,02-20
Java开发工程师,四川千百年科技有限公司,成都-高新区,1-1.5万/月,02-20
python开发-项目联合创始人方向,杭州所罗门信息科技有限公司,杭州-江干区,0.8-1.5万/月,02-15
219、前端开发,深圳市前海润杨金融服务有限公司,深圳-南山区,0.8-1.2万/月,02-13
资深商业数据分析师,MobData大数据云平台,上海-徐汇区,2.5-3万/月,02-12
Windows桌面应用开发工程师,重庆维普资讯有限公司,重庆-渝北区,0.6-1.2万/月,02-12
产品运营（数据风控方向）,杭州同花顺数据开发有限公司,杭州-余杭区,6-8千/月,02-12
产品运营-风控数据方向,杭州同花顺数据开发有限公司,杭州-余杭区,6-8千/月,02-12
python开发工程师(J11143),明略科技集团,上海-长宁区,1-2万/月,02-11
python开发工程师(J11143),明略科技集团,上海-长宁区,1-2万/月,02-11
理脉-数据处理工程师,北京市金杜律师事务所,北京-朝阳区,,02-10
初级软件工程师（java）,北京中科联通科技有限责任公司,郑州-金水区,4-6千/月,02-07
Java高级开发工程师,易博国际旅行社（北京）有限公司,北京-东城区,1.8-3万/月,02-03
Java开发工程师,易博国际旅行社（北京）有限公司,北京-朝阳区,1.2-2万/月,02-03
Java高级开发工程师,易博国际旅行社（北京）有限公司,北京-朝阳区,1.8-3万/月,02-03
Java中级开发工程师,易博国际旅行社（北京）有限公司,北京-朝阳区,1.2-2万/月,02-03
Python高级开发工程师,武汉慧通远达信息技术有限公司,武汉-江汉区,0.5-1.5万/月,01-25
数据挖掘机器学习算法工程师,中国中金财富证券有限公司,深圳-福田区,1.5-2万/月,01-21
六险急招python软件工程师,北京正橹航空服务有限公司,长沙-天心区,0.7-1万/月,01-20
C#开发工程师,上海恒生聚源数据服务有限公司,上海,1.5-2万/月,01-19
基础架构开发工程师,上海嘉道信息技术有限公司,上海-长宁区,1.5-2.5万/月,01-18
爬虫工程师（180/天）,巧工匠（深圳）信息技术服务有限公司,深圳-福田区,180元/天,03-17
Java爬虫工程师（可实习）,广州比地数据科技有限公司,广州-天河区,2.5-6千/月,03-17
大数据实习生/爬虫实习生,静瞳海外投资顾问（深圳）有限公司,广州,4-5千/月,03-17
Python实习生,广州易察市场研究有限公司,广州-越秀区,3-5千/月,03-17
